PAID;Region;GWNO;CID;Name;DyadName;bwdID;actorId;Inc;pa_name;Year;pa_date;pa_comment;ended;end_date;duration;cease;Intarmy;DDR;Withd;Mil_prov;pp;Intgov;Intciv;Elections;Interrim;Natalks;Shagov;Pol_prov;Aut;Fed;Ind;Ref;Shaloc;Regdev;Cul;Demarcation;Locgov;Terr_prov;Amn;pris;Recon;Return;Justice_prov;Reaffirm;Outlin;PKO;Co_impl;DyVi05;CoVi01;noconf;termdur;noconf11;txt;inclusive;no_dyad;pa_type;Out_iss;ProcID;Frame;All;Counter
5521975120101;Africa;552;122;Zimbabwe (Rhodesia): government;Government of Zimbabwe (Rhodesia) - ZAPU;565;552, 1340;2;Declaration of intent;1975;1975-12-01;Peace Process Agreement;1;1976-03-19;109;0;0;0;0;0;0;0;0;0;0;0;0;0;0;0;0;0;0;0;0;0;0;0;0;0;0;0;0;0;1;0;0;1;-99;0;-99;0;1;2;1;3;4;88;1;1;154
5521979122101;Africa;552;122;Zimbabwe (Rhodesia): government;Government of Zimbabwe (Rhodesia) - PF;712;552, 1342;2;Lancaster House Agreement;1979;1979-12-21;Full Peace Agreement;0;;0;1;0;1;0;1;0;0;0;1;0;0;0;1;0;0;1;0;0;0;0;0;0;1;0;1;0;1;1;0;0;0;0;0;1;0;-99;1;1;1;1;1;0;89;2;1;155
3451991071201;Europe;345;189;Yugoslavia: Slovenia;Government of Yugoslavia (Serbia) - Republic of Slovenia;281;345, 1179;1;Brioni Agreement;1991;1991-07-12;Partial Peace Agreement;0;;0;1;0;0;0;1;0;0;0;0;0;0;0;0;0;0;0;0;0;0;0;0;0;0;0;1;0;0;1;0;1;0;1;0;1;0;-99;1;1;1;1;3;4;65;1;1;196
3451999060301;Europe;345;218;Yugoslavia: Kosovo;Government of Yugoslavia (Serbia) - UCK;295;345, 1200;1;Kosovo peace agreement 1;1999;1999-06-03;Peace Process Agreement;0;;0;1;0;0;0;1;0;0;0;0;1;0;0;1;1;0;0;0;0;1;0;0;0;1;1;0;0;1;1;0;1;1;0;0;1;0;-99;0;1;1;1;2;4;64;1;1;195
2001998041001;Europe;200;119;United Kingdom: Northern Ireland;Government of United Kingdom - IRA;216;200, 1124;1;The Good Friday Agreement;1998;1998-04-10;Partial Peace Agreement;0;;0;0;0;1;0;1;0;0;0;0;0;0;0;0;1;0;0;1;0;0;1;0;0;1;0;1;1;0;1;0;0;0;1;0;1;0;-99;1;1;2;1;1;0;63;2;1;194
5001985121701;Africa;500;118;Uganda: government;Government of Uganda - NRA;574;500, 1329;2;Nairobi Peace Agreement;1985;1985-12-17;Full Peace Agreement;1;1986-01-13;27;1;1;0;0;1;0;0;0;1;1;0;0;1;0;0;0;0;0;0;0;0;0;0;0;1;0;0;1;0;0;1;0;1;0;0;-99;0;1;1;1;1;0;85;2;1;144
1181988060301;Africa;500;118;Uganda: government;Government of Uganda - UPDA;706;500, 1332;2;Gulu Peace Accord (Pece Peace Agreement);1988;1988-06-03;Full Peace Agreement;0;;0;1;1;0;0;1;0;0;0;1;1;0;0;1;0;0;0;0;0;0;0;0;0;0;1;1;0;0;1;0;0;0;0;0;-99;0;-99;1;1;2;1;1;0;86;2;1;145
5002002122401;Africa;500;118;Uganda: government;Government of Uganda - UNRF II;431;500, 1339;2;Yumbe Peace Agreement;2002;2002-12-24;Full Peace Agreement;0;;0;0;1;1;0;1;0;1;0;0;0;0;0;1;0;0;0;0;0;0;0;0;0;0;1;0;0;0;1;0;0;0;0;0;0;0;-99;-99;1;2;1;2;0;40;2;1;146
5002007050201;Africa;500;118;Uganda: government;Government of Uganda - LRA;151;500, 1336;2;Agreement on Comprehensive Solutions between the Government of the Republic of Uganda and Lord’s Resistance Army/Movement;2007;2007-05-02;Partial Peace Agreement;1;2008-09-11;498;0;1;0;0;1;0;0;0;0;0;0;0;0;0;0;0;0;0;1;0;0;0;1;0;0;0;1;1;0;0;0;0;1;0;0;-99;0;1;2;1;2;1;87;1;1;147
5002007062901;Africa;500;118;Uganda: government;Government of Uganda - LRA;151;500, 1336;2;Agreement on Accountability and Reconciliation between the Government of the Republic of Uganda and the Lord's Resistance Army/Movement;2007;2007-06-29;Partial Peace Agreement;1;2008-09-11;440;0;0;0;0;0;0;0;0;0;0;0;0;0;0;0;0;0;0;0;0;0;0;0;0;0;1;0;1;0;0;0;0;1;0;0;-99;0;1;2;1;2;1;87;1;1;148
5002008021901;Africa;500;118;Uganda: government;Government of Uganda - LRA;151;500, 1336;2;Annex to the accountability and reconciliation protocol;2008;2008-02-19;Partial Peace Agreement;1;2008-09-11;205;0;0;0;0;0;0;0;0;0;0;0;0;0;0;0;0;0;0;0;0;0;0;0;0;0;1;0;1;1;0;0;0;1;0;0;-99;0;1;2;1;2;1;87;1;1;149
5002008012201;Africa;500;118;Uganda: government;Government of Uganda - LRA;151;500, 1336;2;Implementation protocol to the Agreement on Comprehensive Solutions;2008;2008-02-22;Partial Peace Agreement;1;2008-09-11;202;0;1;1;0;1;0;0;0;0;0;0;0;0;0;0;0;0;0;1;0;0;0;1;0;0;0;1;1;0;0;0;0;1;0;0;-99;0;1;2;1;2;1;87;1;1;150
5002008022301;Africa;500;118;Uganda: government;Government of Uganda - LRA;151;500, 1336;2;Agreement on a Permanent ceasefire;2008;2008-02-23;Partial Peace Agreement;1;2008-09-11;201;1;0;0;0;1;0;0;0;0;0;0;0;0;0;0;0;0;0;0;0;0;0;0;0;0;0;0;0;0;0;0;0;1;0;0;-99;0;1;2;1;2;1;87;1;1;151
5002008022801;Africa;500;118;Uganda: government;Government of Uganda - LRA;151;500, 1336;2;Agreement on Disarmament, Demobilisation and Reintegration;2008;2008-02-28;Partial Peace Agreement;1;2008-09-11;196;0;1;1;0;1;0;0;0;0;0;0;0;0;0;0;0;0;0;0;0;0;0;0;0;0;0;0;0;0;0;0;0;1;0;0;-99;0;1;2;1;2;1;87;1;1;152
5002008202901;Africa;500;118;Uganda: government;Government of Uganda - LRA;151;500, 1336;2;Agreement on Implementation and Monitoring Mechanisms;2008;2008-02-29;Partial Peace Agreement;1;2008-09-11;195;0;0;0;0;0;0;0;0;0;0;0;0;0;0;0;0;0;0;0;0;0;0;0;0;0;0;0;0;1;0;0;1;1;0;0;-99;0;1;2;1;2;1;87;1;1;153
7021995081701;Asia;702;200;Tajikistan: government;Government of Tajikistan - UTO;353;702, 1188;2;Protocol on the Fundamental Principles of Establishing Peace and National Accord in Tajikistan;1995;1995-08-17;Peace Process Agreement;0;;0;1;0;0;0;1;0;0;0;0;0;0;0;0;0;0;0;0;0;0;0;0;0;0;0;0;0;0;0;0;1;0;0;1;2;0;-99;-99;1;1;1;3;5;39;1;1;139
7021996122301;Asia;702;200;Tajikistan: government;Government of Tajikistan - UTO;353;702, 1188;2;Agreement between the President of the Republic of Tajikistan, E.S. Rakhmonov, and the leader of the United Tajik-Opposition, S.A. Huri, on the results of the meeting held in Moscow 23 December 1996;1996;1996-12-23;Partial Peace Agreement;0;;0;1;1;1;0;1;1;1;1;1;0;1;0;1;0;0;0;0;0;0;0;0;0;0;1;1;1;1;1;0;0;0;1;0;1;0;-99;0;1;1;1;2;1;39;1;1;140
7021997022101;Asia;702;200;Tajikistan: government;Government of Tajikistan - UTO;353;702, 1188;2;Statute of the Commission on National Reconciliation;1997;1997-02-21;Partial Peace Agreement;0;;0;0;0;0;0;0;0;1;1;1;0;0;0;1;0;0;0;0;0;0;0;0;0;0;1;1;1;1;1;0;0;0;1;0;2;1;1;0;1;1;1;2;1;39;1;1;141
7021997051801;Asia;702;200;Tajikistan: government;Government of Tajikistan - UTO;353;702, 1188;2;Protocol on political issues;1997;1997-05-18;Partial Peace Agreement;0;;0;0;0;0;0;0;0;1;1;1;0;0;0;1;0;0;0;0;0;0;0;0;0;0;1;0;0;0;1;1;1;0;0;0;2;1;1;0;1;1;1;2;1;39;1;1;142
7021997062701;Asia;702;200;Tajikistan: government;Government of Tajikistan - UTO;353;702, 1188;2;The Moscow Declaration - General agreement on the Establishment of Peace and National Accord in Tajikistan;1997;1997-06-27;Full Peace Agreement;0;;0;1;1;1;0;1;1;1;1;1;1;0;1;1;0;0;0;0;0;0;0;0;0;0;1;1;1;1;1;1;1;1;1;0;2;1;1;0;1;1;1;1;0;39;2;1;143
6251988111601;Africa;625;113;Sudan: government;Government of Sudan - SPLM/A;641;625, 1312;2;DUP/SPLM Sudan Peace Agreement;1988;1988-11-16;Partial Peace Agreement;1;1988-12-21;35;1;0;0;0;1;0;0;0;0;0;1;0;1;0;0;0;0;0;0;0;0;0;0;0;0;0;0;0;0;0;0;0;1;0;0;-99;0;1;1;1;2;4;80;1;1;126
6252002072001;Africa;625;85;Sudan: government;Government of Sudan - SPLM/A;641;625, 1312;2;Machakos Protocol;2002;2002-07-20;Peace Process Agreement;0;;0;0;0;0;0;0;0;0;0;0;0;0;0;0;0;0;0;1;0;0;1;0;0;1;0;0;0;0;0;0;1;0;1;1;0;0;-99;0;1;2;1;2;5;62;1;1;127
6252003092501;Africa;625;85;Sudan: government;Government of Sudan - SPLM/A;641;625, 1312;2;Agreement on Security Arrangements During the Interim Period;2003;2003-09-25;Partial Peace Agreement;0;;0;1;1;1;0;1;0;0;0;0;0;0;0;0;0;0;0;1;0;0;0;0;0;1;0;0;0;0;0;1;0;0;0;1;0;0;-99;0;1;2;1;2;1;62;1;1;128
6252004010701;Africa;625;85;Sudan: government;Government of Sudan - SPLM/A;641;625, 1312;2;Framework on Wealth Sharing During the Pre-Interim and Interim Period;2004;2004-01-07;Partial Peace Agreement;0;;0;0;0;0;0;0;0;0;0;0;0;0;0;0;0;0;0;0;0;1;0;0;0;1;0;0;0;1;1;0;0;0;0;0;1;0;-99;1;1;2;1;2;1;62;1;1;129
6252004052601;Africa;625;85;Sudan: government;Government of Sudan - SPLM/A;641;625, 1312;2;Protocol Between the GOS and SPLM on Power Sharing;2004;2004-05-26;Partial Peace Agreement;0;;0;0;1;0;0;1;0;1;0;1;1;0;1;1;1;0;0;0;1;0;1;0;0;1;0;0;1;1;1;1;0;0;0;0;1;0;-99;1;1;2;1;2;1;62;1;1;130
6252004052602;Africa;625;85;Sudan: government;Government of Sudan - SPLM/A;641;625, 1312;2;The Protocol Between the GOS and SPLM on the Resolution of Conflict in Abyei Area;2004;2004-05-26;Partial Peace Agreement;0;;0;0;1;1;0;1;0;0;0;0;0;0;0;0;0;0;0;1;0;0;0;0;1;1;0;0;1;1;1;0;0;0;1;0;1;0;-99;1;1;2;1;2;1;62;1;1;131
6252004052603;Africa;625;85;Sudan: government;Government of Sudan - SPLM/A;641;625, 1312;2;The Protocol Between the GOS and SPLM on the Resolution of Conflict in Southern Kordofan/Nuba Mountains and Blue Nile States;2004;2004-05-26;Partial Peace Agreement;0;;0;0;1;0;0;1;0;0;0;0;0;0;1;1;0;1;0;0;0;0;0;0;0;1;0;0;0;1;1;0;0;0;0;0;1;0;-99;1;1;2;1;2;1;62;1;1;132
6252005010901;Africa;625;113;Sudan: government;Government of Sudan - SPLM/A;641;625, 1312;2;Sudan Comprehensive Peace Agreement;2005;2005-01-09;Comprehensive peace agreement;0;;0;1;1;1;0;1;0;1;0;1;1;0;1;1;1;1;0;1;1;1;1;0;1;1;0;0;1;1;1;1;0;0;1;0;0;0;-99;-99;1;2;1;1;0;62;2;1;133
6252005011601;Africa;625;113;Sudan: government;Government of Sudan - NDA;645;625, 1314;2;Cairo Framework Agreement between the GoS and the NDA;2005;2005-01-16;Peace Process Agreement;0;;0;0;1;1;0;1;0;0;0;0;1;0;0;1;0;0;0;0;0;0;0;0;0;0;0;0;0;0;0;0;1;0;0;0;-99;0;-99;0;0;2;1;3;1;81;1;1;134
6252005061801;Africa;625;113;Sudan: government;Government of Sudan - NDA;645;625, 1314;2;Agreement between the GoS and the NDA (Cairo Agreement);2005;2005-06-18;Full Peace Agreement;0;;0;1;0;0;0;1;0;0;0;1;1;0;0;1;0;1;0;0;0;0;0;0;0;1;0;0;0;0;0;0;0;0;1;0;-99;0;-99;0;1;2;1;1;0;81;2;1;135
6252006050501;Africa;625;113;Sudan: government;Government of Sudan - SLM/A (MM);631;625, 1318;2;Darfur Peace Agreement;2006;2006-05-05;Partial Peace Agreement;1;2010-12-31;1701;1;1;1;0;1;0;1;1;1;1;0;1;1;0;1;0;1;1;1;1;1;1;1;0;1;1;1;1;1;0;1;1;0;0;0;-99;0;1;2;1;2;0;82;2;1;136
6252010022301;Africa;625;113;Sudan: government;Government of Sudan - JEM;434;625, 1315;2;Doha Agreement;2010;2010-02-23;Peace Process Agreement;0;;0;1;1;0;0;1;0;1;1;0;0;0;0;1;0;0;0;0;0;0;0;0;0;0;1;1;0;1;1;0;1;0;0;1;0;0;-99;0;1;2;1;3;1;83;1;1;137
6252011062801;Africa;625;113;Sudan: government;Government of Sudan - SPLM/A-North;812;625, 2008;2;Addis Ababa Agreement;2011;2011-06-28;Peace Process Agreement;1;2011-07-01;3;1;1;1;0;1;1;0;0;0;0;1;0;1;0;0;0;0;0;0;0;0;0;0;0;0;0;0;0;1;0;0;0;-99;-99;0;-99;-99;1;2;1;3;4;84;1;1;138
5601978071201;Africa;560;101;South Africa: Namibia;Government of South Africa - SWAPO;516;560, 1307;1;Western Contact Group (WCG) Settlement Proposal;1978;1978-07-12;Partial Peace Agreement;1;1978-09-20;70;1;0;0;1;1;0;0;0;1;0;0;0;1;0;0;1;0;0;0;0;0;0;1;0;1;0;1;1;0;0;0;0;1;0;0;-99;0;1;1;1;3;2;95;2;1;193
5601990050401;Africa;560;150;South Africa: government;Government of South Africa - ANC;558;560, 1346;2;Groote Schuur Minute;1990;1990-05-04;Peace Process Agreement;0;;0;0;0;0;0;0;0;0;0;0;0;0;0;0;0;0;0;0;0;0;0;0;0;0;0;0;0;0;0;0;1;0;0;0;-99;1;2;1;1;1;1;3;4;79;1;1;121
5601990080601;Africa;560;150;South Africa: government;Government of South Africa - ANC;558;560, 1346;2;Pretoria Minute;1990;1990-08-06;Peace Process Agreement;0;;0;1;0;0;0;1;0;0;0;0;0;0;0;0;0;0;0;0;0;0;0;0;0;0;0;0;0;0;0;0;1;0;0;0;-99;1;2;1;1;1;1;3;4;79;1;1;122
5601991122001;Africa;560;150;South Africa: government;Government of South Africa - ANC;558;560, 1346;2;CODESA Declaration of Intent;1991;1991-12-20;Peace Process Agreement;0;;0;0;0;0;0;0;0;0;0;0;0;0;0;0;0;0;0;0;0;0;0;0;0;0;0;0;0;0;0;0;1;0;0;0;-99;1;3;1;1;1;1;3;4;79;1;1;123
5601992092601;Africa;560;150;South Africa: government;Government of South Africa - ANC;558;560, 1346;2;Record of Understanding;1992;1992-09-26;Partial Peace Agreement;0;;0;0;0;0;0;0;0;0;0;0;1;0;0;1;0;0;0;0;0;0;0;0;0;0;0;0;0;0;0;0;1;0;0;0;-99;1;4;1;1;1;1;2;1;79;1;1;124
5601993111801;Africa;560;150;South Africa: government;Government of South Africa - ANC;558;560, 1346;2;Interim Constitution;1993;1993-11-18;Full Peace Agreement;0;;0;1;1;0;0;1;0;0;0;1;1;0;0;1;0;0;0;0;0;0;1;0;0;1;1;0;1;0;1;0;0;0;0;0;-99;1;5;1;1;1;1;1;2;79;2;1;125
5201993032701;Africa;520;141;Somalia: government;Government of Somalia - USC/SNA;211;520, 1353;2;Addis Ababa Agreement;1993;1993-03-27;Partial Peace Agreement;1;1993-06-05;70;1;0;1;0;1;0;1;0;0;0;0;1;1;0;0;0;0;0;0;0;0;0;0;0;0;1;0;1;1;0;1;0;1;0;0;-99;-99;1;2;1;2;2;38;1;1;116
5201994032401;Africa;520;141;Somalia: government;Government of Somalia - USC/SNA;211;520, 1353;2;Nairobi Declaration on National Reconciliation;1994;1994-03-24;Peace Process Agreement;1;1/7/1994;99;1;0;0;0;1;0;0;0;0;0;1;0;1;0;0;0;0;0;0;0;0;1;1;0;0;1;0;1;0;0;0;0;1;0;0;-99;-99;1;2;1;3;5;38;1;1;117
5201997122201;Africa;520;141;Somalia: government;Government of Somalia - USC/SNA;211;520, 1353;2;The Cairo Declaration on Somalia;1997;1997-12-22;Partial Peace Agreement;1;1/2/1998;41;1;0;0;0;1;0;0;0;1;1;1;0;1;0;1;0;0;0;0;0;0;0;1;0;0;1;0;1;0;0;0;0;0;0;1;1;0;1;2;1;2;5;38;1;1;118
5202008081901;Africa;520;141;Somalia: government;Government of Somalia - ARS/UIC;632;520, 1355;2;Djibouti Agreement;2008;2008-08-19;Peace Process Agreement;0;;0;1;0;0;0;1;0;0;0;0;0;0;0;0;0;0;0;0;0;0;0;0;0;0;0;0;0;0;0;0;1;1;1;0;0;0;-99;0;1;2;1;3;4;78;1;1;119
5202008112601;Africa;520;141;Somalia: government;Government of Somalia - ARS/UIC;632;520, 1355;2;Decision of the High Level Committee, Djibouti Agreement;2008;2008-11-26;Partial Peace Agreement;0;;0;0;0;0;0;0;0;1;0;0;0;0;0;1;0;0;0;0;0;0;0;0;0;0;0;0;0;0;0;0;0;0;0;0;0;0;-99;0;1;2;1;2;4;78;1;1;120
4511996113001;Africa;451;187;Sierra Leone: government;Government of Sierra Leone - RUF;130;451, 1384;2;Abidjan Peace Agreement;1996;1996-11-30;Full Peace Agreement;1;1997-03-06;96;1;1;1;0;1;1;0;0;1;0;0;0;1;0;0;0;0;0;0;0;0;0;0;1;1;0;0;1;0;0;0;1;1;0;0;-99;-99;1;1;1;1;0;36;2;1;113
4511999070701;Africa;451;187;Sierra Leone: government;Government of Sierra Leone - RUF;130;451, 1384;2;Lomé Peace Agreement;1999;1999-07-07;Full Peace Agreement;1;1/2/2000;209;1;1;1;1;1;1;1;0;1;0;0;1;1;0;0;0;0;0;0;0;0;0;0;1;1;1;1;1;0;0;1;1;1;0;0;-99;-99;1;2;1;1;0;37;2;1;114
4512000111001;Africa;451;187;Sierra Leone: government;Government of Sierra Leone - RUF;130;451, 1384;2;Abuja Ceasefire Agreement;2000;2000-11-10;Comprehensive peace agreement;0;;0;1;1;1;1;1;1;1;0;1;0;0;1;1;0;0;0;0;0;0;0;0;0;0;1;1;1;1;1;1;0;1;1;0;1;0;-99;1;1;2;1;1;0;37;3;1;115
4332004123001;Africa;433;180;Senegal: Casamance;Government of Senegal - MFDC;129;433, 1381;1;Accord general de paix entre le gouvernement de la republique du Senegal el le Mouvement des forces democratique de la Casamace (MFDC);2004;2004-12-30;Peace Process Agreement;0;;0;1;1;1;0;1;0;0;0;0;0;0;0;0;0;0;0;0;0;1;0;0;0;1;1;0;1;1;1;0;1;0;0;0;0;1;1;0;1;1;1;3;4;60;1;1;192
5171991032901;Africa;517;179;Rwanda: government;Government of Rwanda - FPR;127;517, 1379;2;The N’SELE Ceasefire Agreement;1991;1991-03-29;Peace Process Agreement;1;1/8/1993;856;1;1;0;1;1;0;0;0;0;1;0;0;1;0;0;0;0;0;0;0;0;0;0;0;1;0;0;1;0;1;0;1;1;0;0;-99;-99;1;1;1;3;5;35;1;1;107
5171992091801;Africa;517;179;Rwanda: government;Government of Rwanda - FPR;127;517, 1379;2;The Protocol of Agreement between the Government of the Republic of Rwanda and the Rwandese Patriotic Front on the Rule of Law;1992;1992-08-18;Partial Peace Agreement;1;1/8/1993;348;0;0;0;0;0;0;0;0;1;1;0;0;1;0;0;0;0;0;0;0;0;0;0;0;0;0;1;1;0;0;0;0;1;0;0;-99;-99;1;1;1;2;1;35;1;1;108
5171993010901;Africa;517;179;Rwanda: government;Government of Rwanda - FPR;127;517, 1379;2;The Protocols of Agreement between the Government of the Republic of Rwanda and the Rwandese Patriotic Front on Power-Sharing within the Framework of a Broad-Based Transitional Government,;1993;1993-01-09;Partial Peace Agreement;1;1/8/1993;204;0;0;0;0;0;0;0;0;1;1;0;1;1;0;0;0;0;0;0;0;0;0;0;0;0;1;1;1;0;0;0;0;1;0;0;-99;-99;1;1;1;2;1;35;1;1;109
5171993060901;Africa;517;179;Rwanda: government;Government of Rwanda - FPR;127;517, 1379;2;The Protocol of Agreement between the Government of the Republic of Rwanda and the Rwandese Patriotic Front on the Repatriation of Refugees and the Resettlement of Displaced Persons,;1993;1993-06-09;Partial Peace Agreement;1;1/8/1993;53;0;0;0;0;0;0;0;0;0;1;0;0;1;0;0;0;0;0;0;0;0;0;0;0;0;1;0;1;0;0;1;0;1;0;0;-99;-99;1;1;1;2;1;35;1;1;110
5171993080301;Africa;517;179;Rwanda: government;Government of Rwanda - FPR;127;517, 1379;2;The Protocol Agreement between the Government of the Republic of Rwanda and the Rwandese Patriotic Front on the integration of Armed Forces and The Protocol of Agreement between the Government of the Republic of Rwanda and the Rwandese Patriotic Front on Miscellaneous Issues and Final Provisions;1993;1993-08-03;Partial Peace Agreement;1;1/8/1993;0;0;1;1;0;1;0;0;0;0;0;0;0;0;0;0;0;0;0;0;0;0;0;0;0;0;0;0;0;0;0;0;0;1;0;0;-99;-99;1;1;1;2;1;35;1;1;111
5171993080401;Africa;517;179;Rwanda: government;Government of Rwanda - FPR;127;517, 1379;2;Arusha Accords;1993;1993-08-04;Full Peace Agreement;1;1/8/1993;0;1;1;1;1;1;1;0;0;1;1;0;1;1;0;0;0;0;0;0;0;0;0;0;0;1;1;1;1;0;0;1;1;1;0;0;-99;-99;1;1;1;1;0;35;2;1;112
8401976122301;Asia;840;112;Philippines: Mindanao;Government of Philippines - MNLF;247;840, 1117;1;Tripoli Agreement;1976;1976-12-23;Partial Peace Agreement;1;1977-05-22;150;1;0;0;0;1;0;1;1;0;0;0;1;1;1;0;0;0;0;0;1;0;1;1;1;1;0;1;1;0;1;0;1;1;0;0;-99;-99;1;1;1;2;2;93;1;1;188
8401987010401;Asia;840;112;Philippines: Mindanao;Government of Philippines - MNLF;247;840, 1117;1;Jeddah Accord;1987;1987-01-04;Full Peace Agreement;1;1987-07-28;205;1;0;0;0;1;0;0;0;0;0;0;0;0;1;0;0;0;0;1;0;0;0;1;0;0;0;0;0;0;1;0;0;1;0;0;-99;-99;1;1;1;3;5;94;1;1;189
8401996090201;Asia;840;112;Philippines: Mindanao;Government of Philippines - MNLF;247;840, 1117;1;Mindanao Final Agreement;1996;1996-09-02;Full Peace Agreement;0;;0;0;1;1;0;1;0;0;0;0;0;0;0;0;0;0;0;1;0;0;1;0;0;1;0;0;0;0;0;1;0;0;0;0;0;0;-99;0;1;2;1;1;0;59;2;1;190
8402001062201;Asia;840;112;Philippines: Mindanao;Government of Philippines - MILF;242;840, 1118;1;Agreement on Peace between the government of the Republic of the Philippines and the Moro Islamic Liberation Front;2001;2001-06-22;Peace Process Agreement;0;;0;1;0;0;0;1;0;0;0;0;0;0;0;0;0;0;0;0;0;0;0;0;0;0;0;0;0;1;1;1;1;0;1;0;0;0;-99;-99;1;2;1;3;2;59;3;1;191
8401995101301;Asia;840;10;Philippines: government;Government of Philippines - Military faction (forces of Honasan, Abenina & Zumel);220;840, 1011;2;GRP-RAM/SFP/YOU General Agreement for Peace;1995;1995-10-13;Peace Process Agreement;0;;0;1;1;1;0;1;0;0;0;0;0;0;0;0;0;0;0;0;0;0;0;0;0;0;1;0;0;0;1;0;1;0;0;0;0;0;-99;-99;1;2;1;3;4;34;1;1;106
9101991012101;Asia;910;174;Papua New Guinea: Bougainville;Government of Papua New Guinea - BRA;337;910, 1171;1;The Honiara Declaration;1991;1991-01-21;Peace Process Agreement;1;1991-02-01;11;1;0;1;0;1;0;0;0;0;0;0;0;0;0;0;0;0;0;0;0;0;0;0;1;1;0;0;1;0;1;0;1;1;0;1;1;0;1;1;1;3;4;57;1;1;185
9101994090301;Asia;910;174;Papua New Guinea: Bougainville;Government of Papua New Guinea - BRA;337;910, 1171;1;Honiara Commitments to Peace;1994;1994-09-03;Peace Process Agreement;1;1994-11-21;79;1;0;0;0;1;0;0;0;0;0;0;0;0;0;0;0;0;0;0;0;0;0;0;0;0;0;0;0;0;1;1;0;1;0;0;-99;0;1;1;1;3;5;57;1;1;186
9102001083001;Asia;910;174;Papua New Guinea: Bougainville;Government of Papua New Guinea - BRA;337;910, 1171;1;Bougainville Peace Agreement;2001;2001-08-30;Full Peace Agreement;0;;0;1;0;1;0;1;0;0;0;0;1;0;0;1;1;0;0;1;0;0;0;0;0;1;1;0;1;0;1;1;0;1;0;0;0;1;5;1;1;1;1;1;0;58;2;1;187
67868019790330;Middle East;678, 680;124;North Yemen - South Yemen;Government of Yemen (North Yemen) - Government of South Yemen;563;678, 680;3;Kuwait agreement;1979;1979-03-30;Partial Peace Agreement;0;;0;0;0;0;0;0;0;0;0;1;0;0;0;1;0;0;0;1;0;0;0;0;0;1;0;0;0;0;0;1;1;0;0;0;1;0;-99;1;1;1;1;2;2;101;2;1;216
4361993061001;Africa;436;178;Niger: government;Government of Niger - FLAA;761;436, 1376;2;Paris Accord;1993;1993-06-10;Partial Peace Agreement;1;1/7/1993;21;1;0;1;0;1;0;0;0;0;0;0;0;0;0;0;0;0;0;1;0;0;0;1;0;0;0;1;1;0;1;0;0;0;0;1;1;0;0;2;1;2;4;56;1;1;182
4361994100901;Africa;436;178;Niger: Air and Azawad;Government of Niger - CRA;111;436, 1377;1;Ouagadougou Accord;1994;1994-10-09;Partial Peace Agreement;0;;0;1;0;0;0;1;0;0;0;0;0;0;0;0;0;0;0;0;0;0;0;0;1;1;0;0;0;1;1;0;1;0;1;0;1;0;-99;0;1;2;1;2;1;56;1;1;183
4361995011501;Africa;436;178;Niger: Air and Azawad;Government of Niger - CRA;111;436, 1377;1;Accord e´tablissant une paix définitive entre le gouvernement de la republique du Niger et lórganisation de la résistance armée;1995;1995-04-15;Full Peace Agreement;0;;0;1;1;1;0;1;0;1;0;0;0;0;0;1;0;0;0;0;0;1;0;0;1;1;1;0;1;1;1;0;0;0;1;0;0;1;3;0;1;2;1;1;0;56;2;1;184
7902006052501;Asia;790;72;Nepal: government;Government of Nepal - CPN-M;349;790, 1100;2;Ceasefire Code of Conduct;2006;2006-05-25;Peace Process Agreement;0;;0;1;0;0;0;1;0;0;0;0;0;1;0;1;0;0;0;0;0;0;0;0;0;0;0;1;0;1;1;1;1;0;1;0;1;0;-99;1;1;1;1;3;2;77;1;1;102
7902006110801;Asia;790;72;Nepal: government;Government of Nepal - CPN-M;349;790, 1100;2;Decisions of the Summit Meeting of the Seven-Party Alliance and the Communist Party of Nepal (Maoist);2006;2006-11-08;Partial Peace Agreement;0;;0;1;0;1;0;1;0;1;0;0;1;0;0;1;0;0;0;0;0;0;0;0;0;0;0;1;1;0;1;1;1;0;1;0;1;0;-99;1;1;1;1;2;2;77;1;1;103
7902006061601;Asia;790;72;Nepal: government;Government of Nepal - CPN-M;349;790, 1100;2;The Eight-point SPA-Maoist Agreement;2006;2006-06-16;Partial Peace Agreement;0;;0;1;0;0;0;1;0;0;0;1;1;0;0;1;0;0;0;0;0;0;0;0;0;0;0;0;0;0;0;1;1;0;0;0;1;0;-99;1;1;1;1;2;2;77;1;1;104
7902006112101;Asia;790;72;Nepal: government;Government of Nepal - CPN-M;349;790, 1100;2;Comprehensive Peace Agreement, 2006;2006;2006-11-21;Full Peace Agreement;0;;0;1;0;1;0;1;0;0;0;1;0;0;0;1;0;0;0;0;0;0;0;0;0;0;0;1;1;0;1;1;0;0;0;0;1;0;-99;1;1;1;1;1;0;77;2;1;105
5411984100301;Africa;541;136;Mozambique: government;Government of Mozambique - Renamo;99;541, 1347;2;Joint Declaration on a Cessation of Armed Activity and Conflict;1984;1984-10-03;Peace Process Agreement;1;1984-11-02;30;1;0;0;0;1;0;0;0;0;0;0;0;0;0;0;0;0;0;0;0;0;0;0;0;0;0;0;0;0;0;0;0;1;2;0;-99;0;1;1;1;3;3;76;1;1;96
5411991052801;Africa;541;136;Mozambique: government;Government of Mozambique - Renamo;99;541, 1347;2;The Protocol on the Agreed Agenda;1991;1991-05-28;Peace Process Agreement;0;;0;0;0;0;0;0;0;0;0;0;0;0;0;0;0;0;0;0;0;0;0;0;0;0;0;0;0;0;0;0;1;0;0;1;2;0;-99;-99;1;1;1;3;5;33;1;1;97
5411991101801;Africa;541;136;Mozambique: government;Government of Mozambique - Renamo;99;541, 1347;2;Basic Principles;1991;1991-10-18;Peace Process Agreement;0;;0;1;0;0;0;1;0;0;0;0;0;0;0;0;0;0;0;0;0;0;0;0;0;0;0;0;0;0;0;0;1;0;1;1;2;0;-99;-99;1;1;1;3;1;33;1;1;98
5411991111301;Africa;541;136;Mozambique: government;Government of Mozambique - Renamo;99;541, 1347;2;Agreement on Establishment and Recognition of Political Parties;1991;1991-11-13;Partial Peace Agreement;0;;0;0;0;0;0;0;1;0;0;0;0;0;0;1;0;0;0;0;0;0;0;0;0;0;0;0;0;0;0;0;0;0;0;1;2;0;-99;-99;1;1;1;2;1;33;1;1;99
5411992031201;Africa;541;136;Mozambique: government;Government of Mozambique - Renamo;99;541, 1347;2;Agreement on Principles of the Electoral Act;1992;1992-03-12;Partial Peace Agreement;0;;0;0;0;0;0;0;0;0;0;1;0;0;0;1;0;0;0;0;0;0;0;0;0;0;0;0;0;1;1;0;0;0;0;0;2;0;-99;-99;1;1;1;2;1;33;1;1;100
5411992100401;Africa;541;136;Mozambique: government;Government of Mozambique - Renamo;99;541, 1347;2;The Acordo Geral de Paz (AGP);1992;1992-10-04;Full Peace Agreement;0;;0;1;1;1;1;1;1;0;0;1;1;0;0;1;0;0;0;0;0;0;0;0;0;0;0;1;0;1;1;1;0;1;1;0;1;0;-99;1;1;1;1;1;0;33;2;1;101
3591997050801;Europe;359;199;Moldova: Dniestr;Government of Moldova - PMR;367;359, 1187;1;Memorandum on the Basis for Normalization of Relations between the Republic of Moldova and Transdniestria;1997;1997-05-08;Partial Peace Agreement;0;;0;1;0;0;0;1;0;0;0;0;0;0;0;0;0;0;0;0;0;0;0;0;1;1;0;0;0;0;0;0;1;0;0;0;0;1;5;1;1;1;1;2;3;55;1;1;181
701996021601;5;70;205;Mexico: government;Government of Mexico - EZLN;230;70, 1628;2;The San Andrés Accords;1996;1996-02-16;Partial Peace Agreement;1;1996-09-30;227;0;0;0;0;0;0;0;0;0;0;0;0;0;0;1;0;0;1;0;1;0;1;1;0;0;0;0;0;0;0;0;0;0;0;0;-99;-99;1;2;1;2;2;32;2;1;95
4351979080501;Africa;435;253;Mauritania: Western Sahara;Government of Mauritania - POLISARIO;745;435, 1417;1;Algiers Agreement;1979;1979-08-05;Full Peace Agreement;0;;0;0;0;0;1;1;0;0;0;0;0;0;0;0;0;0;0;0;0;0;0;0;0;0;0;0;0;0;0;0;0;0;0;0;-99;1;1;1;Seems to be the same although signed on 10 August. ;1;1;1;0;102;2;1;180
4321991010601;Africa;432;177;Mali: Azawad;Government of Mali - MPA;96;432, 1373;1;Tamanrasset Accord;1991;1991-01-06;Partial Peace Agreement;1;1/9/1994;1334;1;1;1;0;1;0;0;0;0;0;0;0;0;0;0;0;0;0;1;1;0;1;1;1;1;0;0;1;0;0;0;1;0;0;1;1;0;1;2;1;2;2;54;2;1;178
4321992041101;Africa;432;177;Mali: Azawad;Government of Mali - MPA;96;432, 1373;1;Pacte National;1992;1992-04-11;Full Peace Agreement;1;1/9/1994;873;1;1;0;0;1;0;1;0;0;0;0;1;1;0;0;0;0;0;1;0;0;1;1;0;0;1;1;1;0;0;0;1;0;0;1;2;0;1;2;1;1;0;54;3;1;179
3432001081301;Europe;343;223;Macedonia, FYR: government;Government of Macedonia (Former Yugoslav Republic of) - UCK;341;343, 1204;2;The Ohrid Agreement;2001;2001-08-13;Full Peace Agreement;0;;0;1;0;0;0;1;0;0;0;1;0;0;0;1;0;0;0;0;0;0;1;0;1;1;0;0;0;1;1;0;0;0;1;0;1;0;-99;1;1;1;1;1;0;31;2;1;94
4501990102401;Africa;450;146;Liberia: government;Government of Liberia - INPFL;94;450, 1359;2;Banjul III Agreement;1990;1990-10-24;Peace Process Agreement;0;;0;1;0;1;0;1;0;0;0;1;1;0;0;1;0;0;0;0;0;0;0;0;0;0;0;1;0;0;1;1;0;1;0;1;0;0;-99;-99;1;2;1;3;4;27;1;1;83
4501990112801;Africa;450;146;Liberia: government;Government of Liberia - INPFL, Government of Liberia - NPFL;93, 94;450, 1358, 1359;2;Bamako Ceasefire Agreement;1990;1990-11-28;Peace Process Agreement;1;1991-03-15;107;1;0;0;0;1;0;0;0;1;1;0;0;1;0;0;0;0;0;0;0;0;0;0;0;0;0;0;0;0;0;1;0;1;0;0;-99;-99;1;1;2;3;4;28;1;1;84
4501990122101;Africa;450;146;Liberia: government;Government of Liberia - INPFL, Government of Liberia - NPFL;93, 94;450, 1358, 1359;2;Banjul IV Agreement;1990;1990-12-21;Peace Process Agreement;1;1991-03-15;84;1;0;1;0;1;0;0;0;0;1;1;0;1;0;0;0;0;0;0;0;0;0;0;0;0;0;1;1;0;0;0;0;1;0;0;-99;-99;1;1;2;3;4;28;1;1;85
4501991021301;Africa;450;146;Liberia: government;Government of Liberia - INPFL, Government of Liberia - NPFL;93, 94;450, 1358, 1359;2;Lomé Agreement;1991;1991-02-13;Partial Peace Agreement;1;1991-03-15;30;1;0;1;0;1;0;0;0;0;1;0;0;1;0;0;0;0;0;0;0;0;0;0;0;1;0;0;1;0;0;0;0;0;-99;1;1;0;1;1;2;2;4;28;2;1;86
4501991103001;Africa;450;146;Liberia: government;Government of Liberia - INPFL, Government of Liberia - NPFL;93, 94;450, 1358, 1359;2;Yamoussoukro IV Peace Agreement;1991;1991-10-30;Partial Peace Agreement;1;1/10/1992;337;1;0;1;0;1;0;0;0;1;0;0;0;1;0;0;0;0;0;0;0;0;0;0;0;0;0;0;0;0;0;0;0;0;-99;1;1;0;1;2;1;2;3;29;2;1;87
4501993072501;Africa;450;146;Liberia: government;Government of Liberia - NPFL;93;450, 1358;2;Cotonou Peace Agreement;1993;1993-07-25;Partial Peace Agreement;1;1/1/1994;160;1;0;1;0;1;0;0;0;1;1;0;0;1;0;0;0;0;0;0;0;0;0;0;1;1;0;1;1;1;0;1;0;0;-99;1;3;0;1;1;1;2;3;29;3;1;88
4501994091201;Africa;450;146;Liberia: government;Government of Liberia - NPFL;93;450, 1358;2;Akosombo Peace Agreement;1994;1994-09-12;Partial Peace Agreement;1;;0;1;0;1;0;1;0;0;0;1;1;0;0;1;0;0;0;0;0;0;0;0;0;0;1;1;0;1;1;1;0;1;0;0;-99;1;4;0;1;1;1;2;3;29;3;1;89
4501995081901;Africa;450;146;Liberia: government;Government of Liberia - NPFL;93;450, 1358;2;Abuja Peace Agreement;1995;1995-08-19;Partial Peace Agreement;1;1/4/1996;226;1;0;1;0;1;0;0;0;1;1;0;0;1;0;0;0;0;0;0;0;0;0;0;1;1;0;1;1;1;0;1;0;0;-99;1;5;0;1;1;1;2;3;29;3;1;90
4501996081701;Africa;450;146;Liberia: government;Government of Liberia - NPFL;93;450, 1358;2;Abuja II Peace Agreement;1996;1996-08-17;Partial Peace Agreement;0;;0;1;0;1;0;1;0;0;0;1;1;0;0;1;0;0;0;0;0;0;0;0;0;0;1;1;0;1;1;1;0;1;0;0;-99;1;6;0;1;1;1;2;3;29;3;1;91
4502003061701;Africa;450;146;Liberia: government;Government of Liberia - MODEL, Government of Liberia - LURD;95, 352;450, 1360, 1361;2;Accra Ceasefire Agreement;2003;2003-06-17;Peace Process Agreement;0;;0;1;0;1;0;1;0;0;0;1;1;0;0;1;0;0;0;0;0;0;0;0;0;0;0;0;1;0;1;0;0;1;1;0;2;0;-99;-99;1;1;1;3;5;30;1;1;92
4502003081801;Africa;450;146;Liberia: government;Government of Liberia - MODEL, Government of Liberia - LURD;95, 352;450, 1360, 1361;2;Accra Peace Agreement;2003;2003-08-18;Full Peace Agreement;0;;0;1;1;1;0;1;0;0;0;1;1;0;0;1;0;0;0;0;0;0;0;0;0;0;1;1;1;1;1;1;0;1;1;0;1;0;-99;1;1;1;1;1;3;30;2;1;93
4372003012301;Africa;437;225;Ivory Coast: government;Government of Cote D’Ivoire - MPIGO, Government of Cote D’Ivoire - MJP, Government of Cote D’Ivoire - MPCI;89, 91, 245;437, 1410, 1411, 1409;2;Linas-Marcoussis Peace Accords;2003;2003-01-23;Partial Peace Agreement;1;1/3/2004;403;1;0;1;1;1;0;0;0;1;1;0;0;1;0;0;0;0;0;0;0;0;0;0;1;1;0;0;1;0;0;1;1;1;0;0;-99;-99;1;1;3;2;3;26;2;1;74
4372003030701;Africa;437;225;Ivory Coast: government;Government of Cote D’Ivoire - MPIGO, Government of Cote D’Ivoire - MJP, Government of Cote D’Ivoire - MPCI;89, 91, 245;437, 1410, 1411, 1409;2;Accra II;2003;2003-03-07;Reaffirming Peace Agreement;0;;0;1;0;0;0;1;0;1;0;1;1;0;1;1;0;0;0;0;0;0;0;0;0;0;0;1;1;0;1;1;0;0;0;1;0;0;-99;-99;1;1;3;2;3;26;3;1;75
4372004073001;Africa;437;225;Ivory Coast: government;Government of Cote D’Ivoire - FN;439;437, 1412;2;Accra III;2004;2004-07-30;Full Peace Agreement;1;1/10/2004;63;0;0;1;0;1;0;0;0;0;0;0;0;0;0;0;0;0;0;0;0;0;0;0;0;0;0;0;0;1;0;0;0;1;0;0;-99;-99;1;1;3;1;0;26;3;1;76
4372005040601;Africa;437;225;Ivory Coast: government;Government of Cote D’Ivoire - FN;439;437, 1412;2;Pretoria Agreement on the Peace Process in Côte d'Ivoire;2005;2005-04-06;Reaffirming Peace Agreement;0;;0;1;0;1;0;1;0;0;0;1;0;0;0;1;0;0;0;0;0;0;0;0;0;0;0;0;1;0;1;1;0;0;0;0;0;1;1;0;1;1;1;1;0;26;3;1;77
4372007030401;Africa;437;225;Ivory Coast: government;Government of Cote D’Ivoire - FN;439;437, 1412;2;Ouagadougou Political Agreement;2007;2007-03-04;Full Peace Agreement;0;;0;1;1;1;0;1;0;0;0;1;0;0;0;1;0;0;0;0;0;0;0;0;0;0;1;0;0;1;1;1;0;1;1;0;-99;1;3;0;1;1;1;1;0;75;2;1;78
4372007032701;Africa;437;225;Ivory Coast: government;Government of Cote D’Ivoire - FN;439;437, 1412;2;First Complementary Agreement to the Ouagadougou Political Agreement;2007;2007-03-27;Partial Peace Agreement;0;;0;0;0;0;0;0;0;0;0;0;0;0;0;0;0;0;0;0;0;0;0;0;0;0;0;0;0;0;0;0;0;0;0;0;-99;1;3;0;1;1;1;2;0;75;3;1;79
4372007112801;Africa;437;225;Ivory Coast: government;Government of Cote D’Ivoire - FN;439;437, 1412;2;Second Complementary Agreement to the Ouagadougou Political Agreement;2007;2007-11-28;Partial Peace Agreement;0;;0;0;0;0;0;0;0;0;0;0;0;0;0;0;0;0;0;0;0;0;0;0;0;0;0;0;0;0;0;1;0;0;0;0;-99;1;3;0;1;1;1;2;0;75;3;1;80
4372007112802;Africa;437;225;Ivory Coast: government;Government of Cote D’Ivoire - FN;439;437, 1412;2;Third Complementary Agreement to the Ouagadougou Political Agreement;2007;2007-11-28;Partial Peace Agreement;0;;0;0;0;1;0;1;0;0;0;1;0;0;0;1;0;0;0;0;0;0;0;0;0;0;0;0;0;0;0;1;0;0;0;0;-99;1;3;0;1;1;1;2;0;75;3;1;81
4372008122201;Africa;437;225;Ivory Coast: government;Government of Cote D’Ivoire - FN;439;437, 1412;2;Fourth Complementary Agreement to the Ouagadougou Political Agreement;2008;2008-12-22;Partial Peace Agreement;0;;0;0;0;1;0;1;0;0;0;1;0;0;0;1;0;0;0;0;0;0;0;0;0;0;0;0;0;0;0;1;0;0;0;0;-99;1;4;0;1;1;1;2;0;75;3;1;82
6661993091301;Middle East;666;37;Israel: Palestine;Government of Israel - Fatah;377;666, 1049;1;Declaration of Principles on Interim Self-Government Arrangements/ Oslo Agreement;1993;1993-09-13;Partial Peace Agreement;0;;0;0;0;0;0;0;0;0;0;0;0;0;0;0;0;0;0;0;0;1;0;0;1;1;0;0;0;0;0;0;1;0;0;0;0;0;-99;0;1;2;1;2;2;50;1;1;170
6661994050401;Middle East;666;37;Israel: Palestine;Government of Israel - Fatah;377;666, 1049;1;Agreement on the Gaza Strip and the Jericho Area;1994;1994-05-04;Partial Peace Agreement;0;;0;0;0;0;0;0;0;0;0;0;0;0;0;0;0;0;0;0;0;0;1;0;1;1;0;0;0;0;0;0;1;0;0;0;0;0;-99;0;1;2;1;2;2;50;1;1;171
6661994082901;Middle East;666;37;Israel: Palestine;Government of Israel - Fatah;377;666, 1049;1;Agreement on Preparatory Transfer of Powers and Responsibilities Between Israel and the PLO;1994;1994-08-29;Partial Peace Agreement;0;;0;0;0;0;0;0;0;0;0;0;0;0;0;0;0;0;0;0;0;0;0;0;1;1;0;0;0;0;0;1;0;0;0;0;0;0;-99;0;1;2;1;2;2;50;1;1;172
6661995092801;Middle East;666;37;Israel: Palestine;Government of Israel - Fatah;377;666, 1049;1;Israeli-Palestinian Interim Agreement on the West Bank and the Gaza Strip/ Oslo B;1995;1995-09-28;Partial Peace Agreement;0;;0;0;0;0;0;0;0;0;0;0;0;0;0;0;1;0;0;0;0;0;0;0;0;1;0;1;0;0;1;0;1;0;0;1;0;0;-99;0;1;2;1;2;2;51;1;1;173
6661997011501;Middle East;666;37;Israel: Palestine;Government of Israel - Fatah;377;666, 1049;1;Protocol on Redeployment in Hebron;1997;1997-01-15;Partial Peace Agreement;0;;0;0;0;0;0;0;0;0;0;0;0;0;0;0;1;0;0;0;0;0;0;0;0;1;0;1;0;0;1;1;0;0;0;1;-99;1;-99;0;1;2;2;2;2;51;1;1;174
6661998102301;Middle East;666;37;Israel: Palestine;Government of Israel - Fatah, Government of Israel - PNA;377, 427;666, 1049, 1052;1;The Wye River Memorandum;1998;1998-10-23;Partial Peace Agreement;1;1998-12-20;58;0;0;0;0;0;0;0;0;0;0;0;0;0;1;0;0;0;0;0;0;0;0;1;0;1;0;0;1;1;1;0;0;1;-99;1;-99;0;1;2;2;2;2;52;1;1;175
6661999090401;Middle East;666;37;Israel: Palestine;Government of Israel - Fatah, Government of Israel - PNA;377, 427;666, 1049, 1052;1;The Sharm el-Sheik Memorandum Wye II;1999;1999-09-04;Partial Peace Agreement;0;;0;0;0;0;0;0;0;0;0;0;0;0;0;0;1;0;0;0;0;0;0;0;0;1;0;1;0;0;1;1;1;0;0;1;-99;1;-99;0;1;2;2;2;2;23;1;1;176
6662007112701;Middle East;666;37;Israel: Palestine;Government of Israel - Fatah;377;666, 1049;1;Israeli-Palestinian Joint Understanding on Negotiations;2007;2007-11-27;Peace Process Agreement;0;;0;0;0;0;0;0;0;0;0;0;0;0;0;0;0;0;0;0;0;0;0;0;0;0;0;0;0;0;0;0;1;0;0;0;0;0;-99;0;1;2;1;3;4;92;1;1;177
63064519750306;Middle East;630, 645;128;Iran - Iraq;Government of Iran (Persia) - Government of Iraq;543;630, 645;3;Joint Iranian-Iraqi Communiqué  (“Algiers Agreement”);1975;1975-03-06;Partial Peace Agreement;1;1980-09-17;2022;1;0;0;0;1;0;0;0;0;0;0;0;0;0;0;0;0;0;0;0;1;0;1;0;0;0;0;0;0;1;0;1;1;0;1;1;0;1;1;1;2;1;100;1;1;204
63064519750317;Middle East;630, 645;128;Iran - Iraq;Government of Iran (Persia) - Government of Iraq;543;630, 645;3;Protocol to the Joint Iranian-Iraqi Communiqué (“Tehran Protocol”);1975;1975-03-17;Peace Process Agreement;1;1980-09-17;2011;0;0;0;0;0;0;0;0;0;0;0;0;0;0;0;0;0;0;0;0;1;0;1;0;0;0;0;0;0;1;0;1;1;0;1;1;0;1;1;1;3;1;100;1;1;205
63064519750420;Middle East;630, 645;128;Iran - Iraq;Government of Iran (Persia) - Government of Iraq;543;630, 645;3;Record between Iran, Algeria and Iraq dated 20 April 1975;1975;1975-04-20;Partial Peace Agreement;1;1980-09-17;1977;1;0;0;0;1;0;0;0;0;0;0;0;0;0;0;0;0;0;0;0;1;0;1;0;0;0;0;0;0;0;0;0;1;0;1;1;0;1;1;1;2;1;100;1;1;206
63064519750520;Middle East;630, 645;128;Iran - Iraq;Government of Iran (Persia) - Government of Iraq;543;630, 645;3;Record between Iran, Algeria and Iraq dated 20 May 1975;1975;1975-05-20;Full Peace Agreement;1;1980-09-17;1947;0;0;0;0;0;0;0;0;0;0;0;0;0;0;0;0;0;0;0;0;1;0;1;0;0;0;0;0;0;1;0;0;1;0;1;1;0;1;1;1;2;1;100;1;1;207
63064519750613;Middle East;630, 645;128;Iran - Iraq;Government of Iran (Persia) - Government of Iraq;543;630, 645;3;Treaty concerning the State frontier and neighbourly relations;1975;1975-06-13;Partial Peace Agreement;1;1980-09-17;1923;1;0;0;0;1;0;0;0;0;0;0;0;0;0;0;0;0;0;0;0;1;0;1;0;0;0;0;0;1;0;0;1;1;0;1;1;0;1;1;1;2;1;100;1;1;208
63064519751221;Middle East;630, 645;128;Iran - Iraq;Government of Iran (Persia) - Government of Iraq;543;630, 645;3;Annex I to the Protocol concerning the Redemarcation of the Land Frontier between Iran and Iraq;1975;1975-12-21;Partial Peace Agreement;1;1980-09-17;1732;0;0;0;0;0;0;0;0;0;0;0;0;0;0;0;0;0;0;0;0;1;0;1;0;0;0;0;0;0;0;0;0;1;0;1;1;0;1;1;1;2;1;100;1;1;209
630645197512261;Middle East;630, 645;128;Iran - Iraq;Government of Iran (Persia) - Government of Iraq;543;630, 645;3;Addendum to Treaty concerning the State Frontier and neighbourly Relations between Iran and Iraq;1975;1975-12-26;Partial Peace Agreement;1;1980-09-17;1727;0;0;0;0;0;0;0;0;0;0;0;0;0;0;0;0;0;0;0;0;1;0;1;0;0;0;0;0;1;0;0;0;1;0;1;1;0;1;1;1;2;1;100;1;1;210
630645197512262;Middle East;630, 645;128;Iran - Iraq;Government of Iran (Persia) - Government of Iraq;543;630, 645;3;Agreement between Iran and Iraq concerning Frontier Commissioners;1975;1975-12-26;Partial Peace Agreement;1;1980-09-17;1727;0;0;0;0;0;0;0;0;0;0;0;0;0;0;0;0;0;0;0;0;1;0;1;0;0;0;0;0;0;0;0;1;1;0;1;1;0;1;1;1;2;1;100;1;1;211
630645197512263;Middle East;630, 645;128;Iran - Iraq;Government of Iran (Persia) - Government of Iraq;543;630, 645;3;Agreement between Iran and Iraq concerning the Rules governing Navigation on the Shatt Al’Arab;1975;1975-12-26;Partial Peace Agreement;1;1980-09-17;1727;0;0;0;0;0;0;0;0;0;0;0;0;0;0;0;0;0;0;0;0;1;0;1;0;0;0;0;0;0;0;0;0;1;0;1;1;0;1;1;1;2;1;100;1;1;212
630645197512264;Middle East;630, 645;128;Iran - Iraq;Government of Iran (Persia) - Government of Iraq;543;630, 645;3;Record no. 2 between Iran and Iraq  dated 26 December 1975;1975;1975-12-26;Partial Peace Agreement;1;1980-09-17;1727;0;0;0;0;0;0;0;0;0;0;0;0;0;0;0;0;0;0;0;0;1;0;1;0;0;0;0;0;0;1;0;0;1;0;1;1;0;1;1;1;2;1;100;1;1;213
630645197512265;Middle East;630, 645;128;Iran - Iraq;Government of Iran (Persia) - Government of Iraq;543;630, 645;3;Record no. 1 between Iran and Iraq dated 26 December 1975;1975;1975-12-26;Full Peace Agreement;1;1980-09-17;1727;0;0;0;0;0;0;0;0;0;0;0;0;0;0;0;0;0;0;0;0;1;0;1;0;0;0;0;0;0;0;0;0;1;0;1;1;0;1;1;1;2;1;100;1;1;214
630645197512266;Middle East;630, 645;128;Iran - Iraq;Government of Iran (Persia) - Government of Iraq;543;630, 645;3;Agreement concerning the Use of Frontier Watercourses;1975;1975-12-26;Partial Peace Agreement;1;1980-09-17;1727;0;0;0;0;0;0;0;0;0;0;0;0;0;0;0;0;0;0;0;0;1;0;1;0;0;0;0;0;0;0;0;0;1;0;1;1;0;1;1;1;2;1;100;2;1;215
8502002120901;Asia;850;171;Indonesia: Aceh;Government of Indonesia - GAM;347;850, 1170;1;Cessation of Hostilities Framework Agreement;2002;2002-12-09;Partial Peace Agreement;0;;0;1;0;1;0;1;0;0;0;0;0;0;0;0;0;0;0;0;0;0;0;0;1;1;0;0;0;0;0;0;0;0;0;1;0;0;-99;0;1;1;1;2;4;49;1;1;168
8502005081501;Asia;850;171;Indonesia: Aceh;Government of Indonesia - GAM;347;850, 1170;1;Memorandum of Understanding between the Government of the Republic of Indonesia and the Free Aceh Movement;2005;2005-08-15;Full Peace Agreement;0;;0;1;0;1;0;1;0;0;0;1;0;0;0;1;0;0;0;0;0;0;1;0;1;1;1;1;1;0;1;0;0;0;1;0;1;0;0;-99;1;1;1;1;0;49;2;1;169
7501988081201;Asia;750;139;India: Tripura;Government of India - TNV;515;750, 1148;1;Memorandum of Understanding with TNV;1988;1988-08-12;Full Peace Agreement;0;;0;1;0;1;0;1;0;0;0;0;0;0;0;0;0;0;0;0;1;1;1;0;1;1;0;0;0;0;0;0;0;0;0;0;1;0;-99;0;1;1;1;1;0;91;2;1;166
7501993082301;Asia;750;139;India: Tripura;Government of India - ATTF;262;750, 1149;1;Memorandum of Settlement - 23 August 1993;1993;1993-08-23;Full Peace Agreement;1;1996-12-31;1226;1;0;1;1;1;0;0;0;0;0;0;0;0;0;0;0;0;1;1;1;0;0;1;0;0;0;0;0;0;0;0;0;1;1;0;-99;0;1;2;1;1;0;48;2;1;167
7501993022001;Asia;750;227;India: Bodoland;Government of India - ABSU;309;750, 1205;1;Bodoland Autonomous Council Act, 1993;1993;1993-02-20;Full Peace Agreement;0;;0;0;0;1;0;1;0;0;0;0;0;0;0;0;1;0;0;0;1;0;1;0;1;1;1;0;0;0;1;0;0;0;0;0;0;0;-99;0;1;2;1;1;0;47;2;1;165
411993070301;5;41;186;Haiti: government;Government of Haiti - Military faction (Forces of Raoul Cédras);251;41, 1625;2;The Governor's Island agreement;1993;1993-07-03;Peace Process Agreement;1;1993-10-29;118;0;0;0;0;0;0;1;0;0;0;0;0;1;0;0;0;0;0;0;0;0;0;0;1;0;1;0;1;0;1;0;1;0;0;1;2;0;1;2;1;3;5;25;1;1;73
4041998110101;Africa;404;216;Guinea Bissau: government;Government of Guinea Bissau - Military Junta for the Consolidation of Democracy, Peace and Justice;58;404, 1402;2;Abuja Peace Agreement;1998;1998-11-01;Full Peace Agreement;1;1999-05-07;187;1;0;0;1;1;0;1;0;1;0;0;0;1;0;0;0;0;0;0;0;0;0;0;0;0;0;0;0;0;0;1;0;1;0;0;-99;1;1;1;1;1;0;24;2;1;72
901990033001;5;90;36;Guatemala: government;Government of Guatemala - URNG;228;90, 1593;2;The Oslo Accord;1990;1990-03-30;Peace Process Agreement;0;;0;0;0;0;0;0;0;0;0;0;0;0;0;0;0;0;0;0;0;0;0;0;0;0;0;0;0;0;0;0;1;0;0;1;2;0;-99;-99;1;1;1;3;1;23;1;1;56
901991042601;5;90;36;Guatemala: government;Government of Guatemala - URNG;228;90, 1593;2;The Mexico Accord;1991;1991-04-26;Partial Peace Agreement;0;;0;0;0;0;0;0;0;0;0;0;0;0;0;0;0;0;0;0;0;0;0;0;0;0;0;0;0;0;0;0;1;0;0;1;2;0;-99;-99;1;1;1;2;1;23;1;1;57
901991072501;5;90;36;Guatemala: government;Government of Guatemala - URNG;228;90, 1593;2;The Querétaro Agreement;1991;1991-07-25;Partial Peace Agreement;0;;0;0;0;0;0;0;0;0;0;1;0;0;0;1;0;0;0;0;0;0;0;0;0;0;0;0;0;1;1;0;1;0;0;1;2;0;-99;-99;1;1;1;2;1;23;1;1;58
901994011001;5;90;36;Guatemala: government;Government of Guatemala - URNG;228;90, 1593;2;The Framework Agreement for the Resumption of Negotiations between the Government of Guatemala and the Guatemalan National Revolutionary Unity;1994;1994-01-10;Peace Process Agreement;0;;0;0;0;0;0;0;0;0;0;0;0;0;0;0;0;0;0;0;0;0;0;0;0;0;0;0;0;0;0;0;1;0;1;1;2;0;-99;-99;1;1;1;2;1;23;1;1;59
901994032901;5;90;36;Guatemala: government;Government of Guatemala - URNG;228;90, 1593;2;The Agreement on a Timetable for Negotiations on a Firm and Lasting Peace in Guatemala;1994;1994-03-29;Peace Process Agreement;0;;0;0;0;0;0;0;0;0;0;0;0;0;0;0;0;0;0;0;0;0;0;0;0;0;0;0;0;0;0;0;1;0;0;1;2;0;-99;-99;1;1;1;2;1;23;1;1;60
901994032902;5;90;36;Guatemala: government;Government of Guatemala - URNG;228;90, 1593;2;The Comprehensive Agreement on Human Rights;1994;1994-03-29;Partial Peace Agreement;0;;0;0;0;0;0;0;0;0;0;0;0;0;0;0;0;0;0;0;0;0;0;0;0;0;0;0;0;0;0;0;0;0;1;1;2;0;-99;-99;1;1;1;2;1;23;1;1;61
901994061701;5;90;36;Guatemala: government;Government of Guatemala - URNG;228;90, 1593;2;The Agreement on the Resettlement of Population Groups Uprooted by the Armed Conflict;1994;1994-06-17;Partial Peace Agreement;0;;0;0;0;0;0;0;0;0;0;0;0;0;0;0;0;0;0;0;0;0;0;0;0;0;0;0;0;1;1;0;0;0;0;1;2;0;-99;-99;1;1;1;2;1;23;1;1;62
901994062301;5;90;36;Guatemala: government;Government of Guatemala - URNG;228;90, 1593;2;The Agreement for the Establishment of the Commission to Clarify Past Human Rights Violations and Acts of Violence that have Caused the Guatemalan Population to Suffer;1994;1994-06-23;Partial Peace Agreement;0;;0;0;0;0;0;0;0;0;0;0;0;0;0;0;0;0;0;0;0;0;0;0;0;0;0;0;0;0;0;0;0;0;1;1;2;0;-99;-99;1;1;1;2;1;23;1;1;63
901995033101;5;90;36;Guatemala: government;Government of Guatemala - URNG;228;90, 1593;2;The Agreement on the Identity and Rights of Indigenous Peoples;1995;1995-03-31;Partial Peace Agreement;0;;0;0;0;0;0;0;0;0;0;0;0;0;0;0;0;0;0;0;0;0;0;0;1;1;0;0;0;0;0;0;0;0;1;0;1;0;-99;1;1;1;1;2;1;23;1;1;64
901996050601;5;90;36;Guatemala: government;Government of Guatemala - URNG;228;90, 1593;2;The Agreement on Socio-economic Aspects and the Agrarian Situation;1996;1996-05-06;Partial Peace Agreement;0;;0;0;0;0;0;0;0;0;0;0;0;0;0;0;0;0;0;0;0;0;0;0;1;1;0;0;0;0;0;0;0;0;1;0;2;1;1;1;1;1;1;2;1;23;1;1;65
901996091901;5;90;36;Guatemala: government;Government of Guatemala - URNG;228;90, 1593;2;The Agreement on the Strengthening of Civilian Power and the Role of the Armed Forces in a Democratic Society;1996;1996-09-19;Partial Peace Agreement;0;;0;0;0;1;0;1;0;0;0;0;0;0;0;0;0;0;0;0;0;0;0;0;1;1;0;0;1;0;1;0;0;0;0;0;2;1;1;1;1;1;1;2;1;23;1;1;66
901996120401;5;90;36;Guatemala: government;Government of Guatemala - URNG;228;90, 1593;2;The Agreement on a Definitive Ceasefire;1996;1996-12-04;Partial Peace Agreement;0;;0;1;0;1;0;1;0;0;0;0;0;0;0;0;0;0;0;0;0;0;0;0;0;0;0;0;0;0;0;0;0;0;1;0;2;1;1;1;1;1;1;2;1;23;1;1;67
901996120701;5;90;36;Guatemala: government;Government of Guatemala - URNG;228;90, 1593;2;The Agreement on Constitutional Reforms and the Electoral Regime;1996;1996-12-07;Partial Peace Agreement;0;;0;0;0;0;0;0;0;0;0;1;0;0;0;1;0;0;0;0;0;0;0;0;0;0;0;0;0;0;0;0;0;0;1;0;2;1;1;1;1;1;1;2;1;23;1;1;68
901996121201;5;90;36;Guatemala: government;Government of Guatemala - URNG;228;90, 1593;2;The Agreement on the Basis for the Legal Integration of the URNG;1996;1996-12-12;Partial Peace Agreement;0;;0;0;0;1;0;1;1;0;0;0;0;0;0;1;0;0;0;0;0;0;0;0;0;0;0;0;1;0;1;0;0;0;1;0;2;1;1;1;1;1;1;2;1;23;1;1;69
901996122901;5;90;36;Guatemala: government;Government of Guatemala - URNG;228;90, 1593;2;The Agreement for a Firm and Lasting Peace;1996;1996-12-29;Full Peace Agreement;0;;0;0;0;0;0;0;0;0;0;1;0;0;0;1;0;0;0;0;0;0;0;0;0;0;0;0;1;1;1;1;0;0;0;0;2;1;1;1;1;1;1;1;0;23;2;1;70
901996122902;5;90;36;Guatemala: government;Government of Guatemala - URNG;228;90, 1593;2;The Agreement on the Implementation, Compliance and Verification Timetable for the Peace Agreements;1996;1996-12-29;Partial Peace Agreement;0;;0;1;0;1;0;1;0;0;0;1;0;0;0;1;0;0;0;0;0;0;0;0;0;0;0;0;0;1;1;0;0;0;1;0;2;1;1;1;1;1;1;2;1;23;1;1;71
3721994040401;Europe;372;197;Georgia: Abkhazia;Government of Georgia - Republic of Abkhazia;259;372, 1185;1;Declaration on measures for a political settlement of the Georgian/Abkhaz conflict;1994;1994-04-04;Partial Peace Agreement;0;;0;1;0;0;0;1;0;0;0;0;0;0;0;0;1;0;0;0;0;0;1;0;0;1;0;0;0;1;1;0;0;1;0;0;0;1;1;1;1;1;1;2;3;46;1;1;164
53153020001212;Africa;531, 530;215;Eritrea - Ethiopia;Government of Eritrea - Government of Ethiopia;45;530, 531;1;Agreement between the Government of the State of Eritrea and the Government of the Federal Democratic Republic of Ethiopia;2000;2000-12-12;Partial Peace Agreement;0;;0;1;0;0;0;1;0;0;0;0;0;0;0;0;0;0;0;0;0;0;0;1;0;1;0;1;0;0;1;0;0;0;0;0;1;0;-99;1;1;1;1;2;3;66;2;1;202
921990040401;5;92;120;El Salvador: government;Government of El Salvador - FMLN;225;92, 1616;2;Geneva Agreement;1990;1990-04-04;Peace Process Agreement;0;;0;0;0;0;0;0;0;0;0;0;0;0;0;0;0;0;0;0;0;0;0;0;0;0;0;0;0;0;0;0;1;0;0;1;2;0;-99;-99;1;1;1;3;1;22;1;1;47
921990052101;5;92;120;El Salvador: government;Government of El Salvador - FMLN;225;92, 1616;2;General Agenda and Timetable for the Comprehensive Negotiating Process;1990;1990-05-21;Peace Process Agreement;0;;0;0;0;0;0;0;0;0;0;0;0;0;0;0;0;0;0;0;0;0;0;0;0;0;0;0;0;0;0;0;1;0;0;1;2;0;-99;-99;1;1;1;3;1;22;1;1;48
921990072601;5;92;120;El Salvador: government;Government of El Salvador - FMLN;225;92, 1616;2;Agreement on Human Rights;1990;1990-07-26;Partial Peace Agreement;0;;0;0;0;0;0;0;0;0;0;0;0;0;0;0;0;0;0;0;0;0;0;0;0;0;0;1;0;1;1;1;0;0;0;1;2;0;-99;-99;1;1;1;2;1;22;1;1;49
921991012701;5;92;120;El Salvador: government;Government of El Salvador - FMLN;225;92, 1616;2;Mexico Agreements;1991;1991-04-27;Peace Process Agreement;0;;0;0;0;0;0;0;0;0;0;1;0;0;0;1;0;0;0;0;0;0;0;0;0;0;0;0;1;0;1;1;0;0;0;0;2;0;-99;-99;1;1;1;2;1;22;1;1;50
921991092501;5;92;120;El Salvador: government;Government of El Salvador - FMLN;225;92, 1616;2;New York Agreement;1991;1991-09-25;Partial Peace Agreement;0;;0;0;0;0;0;0;0;0;0;0;1;0;0;1;0;0;0;0;0;0;0;0;0;0;0;0;0;0;0;0;0;0;1;0;2;0;-99;-99;1;1;1;2;1;22;1;1;51
921991092502;5;92;120;El Salvador: government;Government of El Salvador - FMLN;225;92, 1616;2;The Compressed Negotiations;1991;1991-09-25;Partial Peace Agreement;0;;0;0;0;0;0;0;0;0;0;0;0;0;0;0;0;0;0;0;0;0;0;0;0;0;0;0;0;0;0;0;1;0;0;0;2;0;-99;-99;1;1;1;2;1;22;1;1;52
921991123101;5;92;120;El Salvador: government;Government of El Salvador - FMLN;225;92, 1616;2;New York Act;1991;1991-12-31;Partial Peace Agreement;0;;0;1;0;0;0;1;0;0;0;0;0;0;0;0;0;0;0;0;0;0;0;0;0;0;0;0;0;0;0;0;0;0;0;0;1;0;-99;1;1;1;1;2;1;22;1;1;53
921992011601;5;92;120;El Salvador: government;Government of El Salvador - FMLN;225;92, 1616;2;New York Act II;1992;1992-01-16;Partial Peace Agreement;0;;0;0;0;0;0;0;0;0;0;0;0;0;0;0;0;0;0;0;0;0;0;0;0;0;0;0;0;0;0;1;0;0;0;0;2;1;1;1;1;1;1;2;1;22;1;1;54
921992011602;5;92;120;El Salvador: government;Government of El Salvador - FMLN;225;92, 1616;2;The Chapultepec Peace Agreement;1992;1992-01-16;Comprehensive peace agreement;0;;0;1;0;1;0;1;1;0;0;1;0;0;0;1;0;0;0;0;0;0;0;0;0;0;0;1;1;1;1;1;0;0;1;0;2;1;1;1;1;1;1;1;0;22;2;1;55
13013519981026;5;130, 135;208;Ecuador - Peru;Government of Ecuador - Government of Peru;227;130, 135;1;Acta Presidencial de Brasilia;1998;1998-10-26;Full Peace Agreement;0;;0;1;0;0;0;1;0;0;0;0;0;0;0;0;0;0;0;0;0;0;0;1;0;1;0;0;0;0;0;0;0;0;1;0;0;1;3;1;1;1;1;1;0;67;2;1;203
4901999071001;Africa;490;86;DR Congo (Zaire): government;Government of DR Congo (Zaire) - RCD, Government of DR Congo (Zaire) - MLC;40, 41;490, 1270, 1269;2;Lusaka Accord;1999;1999-07-10;Partial Peace Agreement;1;1/7/1999;-9;1;1;0;1;1;0;0;0;0;0;1;0;1;0;0;0;0;0;0;0;0;0;0;0;1;1;0;1;0;1;1;1;1;0;0;-99;-99;1;1;3;2;5;19;1;1;38
4902001050401;Africa;490;86;DR Congo (Zaire): government;Government of DR Congo (Zaire) - RCD, Government of DR Congo (Zaire) - MLC ;40, 41;490, 1270, 1269;2;Declaration of Fundamental Principles for the Inter-Congolese dialogue;2001;2001-05-04;Peace Process Agreement;0;;0;1;1;0;0;1;0;0;0;1;0;1;0;1;0;0;0;0;0;0;0;0;0;0;0;0;1;0;1;1;1;0;0;0;0;0;-99;-99;1;1;3;2;1;19;1;1;39
4902002041601;Africa;490;86;DR Congo (Zaire): government;Government of DR Congo (Zaire) - MLC;41;490, 1269;2;Political agreement on consensual management of the transition in the Democratic Republic of the Congo;2002;2002-04-16;Partial Peace Agreement;0;;0;0;1;0;0;1;0;1;0;1;1;0;1;1;0;0;0;0;0;0;0;0;0;0;0;0;1;0;1;0;0;0;0;0;0;1;1;0;1;2;2;2;1;19;1;1;40
4902002121601;Africa;490;86;DR Congo (Zaire): government;Government of DR Congo (Zaire) - RCD, Government of DR Congo (Zaire) - MLC;40, 41;490, 1270, 1269;2;Global and Inclusive Agreement on the Transition in the Democratic Republic of Congo;2002;2002-12-16;Full Peace Agreement;0;;0;1;1;0;1;1;0;1;0;1;1;0;1;1;0;0;0;0;0;0;0;0;0;0;1;0;1;0;1;0;0;0;1;0;0;1;1;0;1;1;3;1;0;19;1;1;41
4902003040201;Africa;490;86;DR Congo (Zaire): government;Government of DR Congo (Zaire) - RCD, Government of DR Congo (Zaire) - MLC;40, 41;490, 1270, 1269;2;Inter-Congolese Political Negotiations - The Final Act;2003;2003-04-02;Full Peace Agreement;0;;0;1;1;1;1;1;0;0;0;1;1;0;0;1;0;0;0;0;0;0;0;0;0;0;0;0;1;0;1;1;0;1;0;0;0;1;2;0;1;1;3;1;0;19;2;1;42
4902009032301;Africa;490;86;DR Congo (Zaire): government;Government of DR Congo (Zaire) - CNDP;646;490, 1272;2;23 March 2009 Agreement;2009;2009-03-23;Full Peace Agreement;1;;0;0;1;0;0;1;1;0;0;0;0;0;0;1;0;0;0;0;0;0;0;0;0;0;1;1;1;1;1;0;0;0;1;0;-99;1;1;1;1;1;1;1;0;74;2;1;43
5221994122601;Africa;522;184;Djibouti: government;Government of Djibouti - FRUD;43;522, 1382;2;Accord de paix et de la reconciliation nationale;1994;1994-12-26;Full Peace Agreement;0;;0;1;1;1;0;1;1;0;1;1;0;0;0;1;0;0;0;0;0;0;0;0;1;1;1;0;1;1;1;0;0;0;0;0;1;0;-99;0;1;2;1;1;0;20;2;1;44
5222000020701;Africa;522;184;Djibouti: government;Government of Djibouti - FRUD – AD;44;522, 1383;2;Accord Cadre de Reforme et de Concorde Civile;2000;2000-02-07;Full Peace Agreement;0;;0;1;1;1;0;1;0;0;1;1;0;0;0;1;1;0;0;0;0;0;0;0;1;1;1;1;0;1;1;0;0;0;0;0;0;1;1;1;1;2;1;1;4;21;2;1;45
5222001051201;Africa;522;184;Djibouti: government;Government of Djibouti - FRUD – AD;44;522, 1383;2;Accord de reforme et concorde civile;2001;2001-05-12;Full Peace Agreement;0;;0;1;1;1;0;1;1;0;0;0;0;0;0;1;0;0;0;0;0;0;0;0;1;1;0;1;0;1;1;1;0;0;0;0;0;1;2;1;1;2;1;1;0;21;3;1;46
5222010060601;Africa;522;260;Djibouti - Eritrea;Government of Djibouti - Government of Eritrea;776;522, 531;1;Agreement between the State of Eritrea and the Republic of Djibouti;2010;2010-06-06;Full Peace Agreement;0;;0;0;0;0;0;0;0;0;0;0;0;0;0;0;0;0;0;0;0;0;0;1;0;1;0;1;0;0;1;0;0;0;1;0;-99;1;2;1;1;1;1;2;3;99;2;1;201
3441995111201;Europe;344;195;Croatia: Serb;Government of Croatia - Serbian Republic of Krajina, Government of Croatia - Serbian irregulars;291, 303;344, 1183, 1214;1;The Erdut Agreement;1995;1995-11-12;Full Peace Agreement;0;;0;0;0;0;0;0;0;0;0;1;1;0;0;1;0;0;0;0;0;0;0;0;1;1;0;0;0;1;1;0;0;1;0;0;1;0;-99;1;1;1;1;1;0;45;2;1;163
4841999122901;Africa;484;214;Congo: government;Government of Congo - Ninjas, Government of Congo - Cocoyes, Government of Congo - Ntsiloulous;36, 37, 38;484, 1399, 1400, 1401;2;Accord de Cessez-le-Feu et de Cessation des Hostilités;1999;1999-12-29;Partial Peace Agreement;0;;0;1;1;1;0;1;0;0;0;1;0;1;0;1;0;0;0;0;0;0;0;0;0;0;1;0;0;1;1;0;1;0;1;1;1;0;-99;0;1;1;3;2;4;18;1;1;37
5812000082601;Africa;581;213;Comoros: Anjouan;Government of the Comoros - MPA/Republic of Anjouan;35;581, 1397;1;The Famboni Declaration;2000;2000-08-26;Partial Peace Agreement;1;2000;0;0;0;0;0;0;0;0;0;0;0;0;0;0;1;1;0;0;0;0;0;0;0;1;0;0;0;0;0;0;1;0;0;0;0;1;3;1;1;1;1;2;3;44;1;1;160
5812001021701;Africa;581;213;Comoros: Anjouan;Government of the Comoros - MPA/Republic of Anjouan;35;581, 1397;1;The Famboni II Agreement;2001;2001-02-17;Partial Peace Agreement;0;;0;0;0;1;0;1;0;0;0;0;0;0;0;0;1;0;0;1;0;0;0;0;0;1;0;0;0;0;0;0;0;0;0;0;0;1;4;1;1;1;1;2;3;44;2;1;161
5812003122001;Africa;581;213;Comoros: Anjouan;Government of the Comoros - MPA/Republic of Anjouan;35;581, 1397;1;Agreement on the transitional arrangements in the Comoros;2003;2003-12-20;Full Peace Agreement;0;;0;0;0;0;0;0;0;0;0;1;0;0;1;1;0;1;0;0;0;0;0;0;0;1;0;0;0;0;0;1;0;1;1;0;0;1;6;1;1;1;1;1;0;44;2;1;162
1001991021501;5;100;92;Colombia: government;Government of Colombia - EPL;343;100, 1607;2;Acuerdo final Gobierno Nacional-Ejército Popular De Liberación;1991;1991-02-15;Full Peace Agreement;0;;0;0;0;1;0;1;1;1;0;0;0;0;0;1;0;0;0;0;0;0;0;0;0;0;1;0;0;0;1;0;1;0;0;0;0;0;-99;-99;1;2;1;1;0;16;2;1;33
1001999050601;5;100;92;Colombia: government;Government of Colombia - FARC;237;100, 1604;2;Common Agenda for the Path to a New Colombia;1999;1999-05-06;Peace Process Agreement;0;;0;0;0;0;0;0;0;0;0;0;0;0;0;0;0;0;0;0;0;0;0;0;0;0;0;0;0;0;0;0;1;0;0;1;0;0;-99;-99;1;2;1;3;5;17;1;1;34
1002001020901;5;100;92;Colombia: government;Government of Colombia - FARC;237;100, 1604;2;Los Pozos Agreement;2001;2001-02-09;Peace Process Agreement;0;;0;0;0;0;0;0;0;0;0;0;0;0;0;0;0;0;0;0;0;0;0;0;0;0;0;1;0;0;1;0;1;0;0;1;0;0;-99;-99;1;2;1;3;4;17;1;1;35
1002002012001;5;100;92;Colombia: government;Government of Colombia - FARC;237;100, 1604;2;Los Pozos Accord;2002;2002-01-20;Peace Process Agreement;1;2002-02-21;32;0;0;0;0;0;0;0;0;0;0;0;0;0;0;0;0;0;0;0;0;0;0;0;0;0;0;0;0;0;1;0;0;1;0;0;-99;-99;1;2;1;3;5;17;1;1;36
4831978012201;Africa;483;91;Chad: government;Government of Chad - FAN;660;483, 1284;2;Khartoum Agreement;1978;1978-01-22;Full Peace Agreement;1;1978-02-15;24;1;0;0;0;1;0;0;0;0;0;0;0;0;0;0;0;0;0;0;0;0;0;0;1;1;0;0;1;0;0;0;0;1;0;0;-99;0;0;2;1;1;0;71;1;1;19
4831978082501;Africa;483;91;Chad: government;Government of Chad - FAN;660;483, 1284;2;Basic Charter (Fundamental Charter);1978;1978-08-25;Full Peace Agreement;1;1979-02-12;171;0;0;0;0;0;0;0;0;0;0;0;0;0;0;0;0;0;0;0;0;0;0;0;0;0;0;0;0;0;0;0;0;1;0;0;-99;0;0;2;1;1;0;71;2;1;20
4831979031501;Africa;483;91;Chad: government;Government of Chad - FAN, Government of Chad - FAP;660, 661;483, 1284, 1285;2;Kano Accord;1979;1979-03-15;Full Peace Agreement;1;30/6/1979;107;1;0;0;0;1;0;0;0;0;1;0;0;1;0;0;0;0;0;0;0;0;0;0;1;1;0;0;1;0;0;1;0;1;0;0;-99;0;0;1;2;1;0;72;2;1;21
4831992103101;Africa;483;91;Chad: government;Government of Chad - FNT;24;483, 1296;2;El Geneina agreement;1992;1992-10-31;Partial Peace Agreement;1;1/1/1993;62;1;1;0;0;1;1;0;1;0;0;0;0;1;0;0;0;0;0;0;0;0;0;0;1;0;0;1;1;0;0;0;0;1;0;0;-99;-99;0;2;1;2;0;7;2;1;22
4831993101601;Africa;483;91;Chad: government;Government of Chad - CNR;22;483, 1293;2;Tripoli 1 Agreement;1993;1993-10-16;Full Peace Agreement;1;1993-10-22;6;1;1;0;0;1;1;0;1;0;0;0;0;1;0;0;0;0;0;0;0;0;0;0;0;0;0;0;0;0;0;0;1;1;0;0;-99;-99;0;2;1;1;0;8;2;1;23
4831994081001;Africa;483;91;Chad: government;Government of Chad - CSNPD;21;483, 1294;2;Bangui-2 Agreement;1994;1994-08-10;Partial Peace Agreement;1;2000-08-02;2184;1;1;0;0;1;1;0;0;1;0;0;0;1;0;0;0;0;0;0;0;0;0;0;1;0;0;0;1;0;0;0;1;0;1;0;-99;0;0;2;1;2;2;9;2;1;24
4831994101201;Africa;483;91;Chad: government;Government of Chad - FNT;24;483, 1296;2;Abeche agreement;1994;1994-10-12;Partial Peace Agreement;0;;0;1;1;0;0;1;0;0;1;0;0;0;0;1;0;0;0;0;0;0;0;0;0;0;0;1;0;0;1;0;0;0;0;0;0;0;-99;-99;0;2;1;2;0;10;2;1;25
4831995112201;Africa;483;91;Chad: government;Government of Chad - MDD;25;483, 1292;2;The Dougia Accord;1995;1995-11-22;Full Peace Agreement;1;;0;1;1;1;0;1;0;0;1;0;0;0;0;1;0;0;0;0;0;0;0;0;0;0;0;1;0;0;1;0;0;0;0;1;0;1;1;0;0;2;1;1;0;11;2;1;26
4831997100301;Africa;483;91;Chad: government;Government of Chad - FNT;24;483, 1296;2;National reconciliation agreement;1997;1997-10-03;Partial Peace Agreement;0;;0;0;1;0;0;1;1;0;1;0;0;0;0;1;0;0;0;0;0;0;0;0;0;0;1;0;0;1;1;0;0;0;0;0;0;0;-99;-99;0;2;1;2;0;12;2;1;27
4831998050701;Africa;483;91;Chad: government;Government of Chad - FARF;26;483, 1297;2;Donya agreement;1998;1998-05-07;Partial Peace Agreement;0;;0;1;1;0;0;1;1;0;1;0;0;0;0;1;0;0;0;0;0;0;0;0;0;0;1;0;1;0;1;1;0;0;0;0;0;0;-99;-99;0;2;1;2;0;13;2;1;28
4831999070301;Africa;483;91;Chad: government;Government of Chad - MDD;25;483, 1292;2;Reconciliation agreement;1999;1999-07-03;Full Peace Agreement;1;;0;1;1;1;0;1;0;0;1;0;0;0;0;1;0;0;0;0;0;0;0;0;0;0;1;0;0;0;1;0;0;0;0;0;0;0;-99;-99;0;2;1;1;0;14;2;1;29
4832002010701;Africa;483;91;Chad: government;Government of Chad - MDJT;27;483, 1298;2;Tripoli 2 agreement;2002;2002-01-07;Full Peace Agreement;1;2002-05-27;140;1;1;0;0;1;0;1;1;0;0;0;0;1;0;0;0;0;0;0;0;0;0;0;1;1;0;0;1;0;0;0;1;0;0;0;-99;-99;1;2;1;1;0;15;2;1;30
4832005081801;Africa;483;91;Chad: government;Government of Chad - MDJT;27;483, 1298;2;Yebibou agreement 2005;2005;2005-08-18;Full Peace Agreement;0;;0;1;1;0;0;1;1;0;1;0;0;0;0;1;0;0;0;0;0;0;0;0;0;0;0;1;0;0;1;0;0;0;0;0;0;0;-99;-99;0;2;1;1;0;68;2;1;31
4832006122401;Africa;483;91;Chad: government;Government of Chad - FUCD;455;483, 1299;2;Tripoli accord;2006;2006-12-24;Full Peace Agreement;0;;0;1;0;0;0;1;0;1;0;0;0;0;0;1;0;0;0;0;0;0;0;0;0;0;1;1;0;0;1;0;0;0;0;0;0;0;-99;0;0;2;1;1;0;73;2;1;32
47548319830711;Africa;475, 483;154;Chad - Nigeria;Government of Chad - Government of Nigeria;535;475, 483;1;Chad-Nigeria Agreement;1983;1983-07-11;Partial Peace Agreement;0;;0;1;0;0;0;1;0;0;0;0;0;0;0;0;0;0;0;0;0;0;0;1;0;1;0;1;0;0;1;0;1;0;1;0;1;0;-99;1;0;1;1;2;3;98;2;1;200
4836201890831;Africa;483, 620;166;Chad - Libya;Government of Chad - Government of Libya;486;483, 620;1;Algiers Agreement;1989;1989-08-31;Partial Peace Agreement;0;;0;1;0;0;1;1;0;0;0;0;0;0;0;0;0;0;0;0;0;0;0;0;0;0;0;1;0;0;1;0;1;0;1;0;0;1;2;1;1;1;1;3;2;97;1;1;198
48362019940404;Africa;483, 620;166;Chad - Libya;Government of Chad - Government of Libya;486;483, 620;1;Agreement between the Great Socialist People’s Libyan Arab Jamahiriya and the Republic of Chad concerning the practical modalities for the implementation of the Judgment delivered by the International Court of Justice on 3 February 1994;1994;1994-04-04;Full Peace Agreement;0;;0;1;0;0;1;1;0;0;0;0;0;0;0;0;0;0;0;0;0;0;0;1;0;1;0;0;0;0;0;0;0;0;1;0;0;1;8;1;1;1;1;1;0;97;2;1;199
4822007041301;Africa;482;222;Central African Republic: government;Government of Central African Republic - UFDR;628;482, 1408;2;Birao Agreement;2007;2007-04-13;Peace Process Agreement;0;;0;1;1;1;0;1;0;0;0;0;0;1;0;1;0;0;0;0;0;0;0;0;0;0;1;1;0;0;1;0;0;0;0;0;-99;1;1;0;1;1;1;3;4;70;1;1;17
4822008062101;Africa;482;222;Central African Republic: government;Government of Central African Republic - UFDR;628;482, 1408;2;Accord de Paix Global entre le Gouvernement de la Republique Centrafricaine et les Mouvements politico-militaires centrafricains designes ci-apres: APRD, FDPC, UFDR;2008;2008-06-21;Peace Process Agreement;1;2008-08-02;42;1;0;1;0;1;0;0;0;0;0;1;0;1;0;0;0;0;0;0;0;0;0;0;1;1;0;0;1;0;0;0;1;0;-99;1;2;0;1;1;1;3;4;70;1;1;18
4712006061201;Africa;471, 475;210;Cameroon-Nigeria;Government of Cameroon - Government of Nigeria;16;471, 475;1;The Greentree agreement;2006;2006-06-12;Full Peace Agreement;0;;0;0;0;0;1;1;0;0;0;0;0;0;0;0;0;0;0;0;0;0;1;1;0;1;0;0;0;0;0;0;0;0;1;0;-99;1;10;1;1;1;1;1;0;96;2;1;197
8111991102301;Asia;811;103;Cambodia (Kampuchea): government;Government of Cambodia (Kampuchea) - KR, Government of Cambodia (Kampuchea) - KPNLF, Government of Cambodia (Kampuchea) - FUNCINPEC;364, 378, 379;811, 1112, 1114, 1115;2;"Agreement on a Comprehensive Political Settlement of the Cambodia Conflict ""The Paris Agreement""";1991;1991-10-23;Full Peace Agreement;0;;0;1;1;1;1;1;1;0;0;1;0;0;0;1;0;0;0;0;0;0;0;0;0;0;0;1;1;1;1;0;0;1;1;1;0;0;-99;-99;1;1;3;1;0;6;2;1;16
5162000082801;Africa;516;90;Burundi: government;Government of Burundi - Palipehutu, Government of Burundi - CNDD, Government of Burundi - Frolina;11, 12, 13;516, 1276, 1277, 1279;2;Arusha Peace and Reconciliation Agreement for Burundi;2000;2000-08-28;Full Peace Agreement;0;;0;1;1;1;0;1;1;1;0;1;1;0;1;1;0;0;0;0;0;0;0;0;0;0;1;1;1;1;1;0;0;1;1;0;0;0;-99;-99;1;2;3;1;0;4;2;1;8
5162002120201;Africa;516;90;Burundi: government;Government of Burundi - CNDD–FDD;15;516, 1278;2;Ceasefire Agreement between the Transitional Government of Burundi and the Conseil national pour la défense de ladémocratie-Forces pour la défense de la démocratie;2002;2002-12-02;Partial Peace Agreement;0;;0;1;1;1;1;1;1;1;0;0;1;0;1;1;0;0;0;0;0;0;0;0;0;0;0;1;0;0;1;1;1;1;1;1;0;0;-99;-99;1;2;1;2;2;5;1;1;9
5162003100801;Africa;516;90;Burundi: government;Government of Burundi - CNDD–FDD;14;516, 1280;2;The Pretoria Protocol on Political, Defence and Security Power Sharing in Burundi;2003;2003-10-08;Partial Peace Agreement;0;;0;1;1;1;0;1;1;1;1;0;0;1;1;1;0;0;0;0;0;0;0;0;0;0;0;0;0;0;0;1;1;0;0;0;0;0;-99;-99;1;2;1;2;2;5;1;1;10
5162003110201;Africa;516;90;Burundi: government;Government of Burundi - CNDD–FDD;14;516, 1280;2;The Pretoria Protocol on Outstanding Political, Defence and Security Power Sharing Issues in Burundi;2003;2003-11-02;Partial Peace Agreement;0;;0;1;1;1;0;1;1;1;0;1;1;1;0;1;0;0;0;0;0;0;0;0;0;0;1;0;0;0;1;1;0;0;1;0;0;0;-99;-99;1;2;1;2;2;5;1;1;11
5162003111601;Africa;516;90;Burundi: government;Government of Burundi - CNDD–FDD;14;516, 1280;2;The Global Ceasefire agreement between Transitional Government and the Forces pour la defence de la democratie (CNDD-FDD) of Mr. Nkúrunziza;2003;2003-11-16;Full Peace Agreement;0;;0;1;1;1;1;1;1;1;1;1;1;1;1;1;0;0;0;0;0;0;0;0;0;0;1;1;1;1;1;1;0;1;1;0;0;0;-99;-99;1;2;1;1;0;5;2;1;12
5162006061801;Africa;516;90;Burundi: government;Government of Burundi - Palipehutu–FNL;15;516, 1278;2;Agreement of Principles Towards Lasting Peace, Security and Stability;2006;2006-06-18;Peace Process Agreement;0;;0;1;0;0;0;1;1;0;0;0;0;0;0;1;0;0;0;0;0;0;0;0;0;0;1;1;1;1;1;0;4;0;1;1;1;0;-99;0;1;1;1;3;4;69;1;1;13
5162006090701;Africa;516;90;Burundi: government;Government of Burundi - Palipehutu–FNL;15;516, 1278;2;Comprehensive Ceasefire Agreement between the Government of Burundi and the Palipehutu-FNL;2006;2006-09-07;Partial Peace Agreement;0;;0;1;1;1;1;1;0;0;0;0;0;0;0;0;0;0;0;0;0;0;0;0;0;0;1;1;0;0;1;0;0;0;1;1;1;0;-99;0;1;1;1;2;1;69;1;1;14
5162008120401;Africa;516;90;Burundi: government;Government of Burundi - Palipehutu–FNL;15;516, 1278;2;Declaration of the Summit of the Heads of State and Government of the Great Lakes region on the Burundi Peace Process;2008;2008-12-04;Partial Peace Agreement;0;;0;0;0;1;0;1;1;1;0;0;0;0;0;1;0;0;0;0;0;0;0;0;0;0;0;1;0;0;1;0;0;0;0;0;1;0;-99;1;1;1;1;1;2;69;2;1;15
3461995121401;Europe;346;194;Bosnia and Herzegovina: Serb;Government of Bosnia-Herzegovina - Serbian irregulars, Government of Bosnia-Herzegovina - Serbian Republic of Bosnia and Herzegovina;292, 300;346, 1182, 1214;1;The General Framework Agreement for Peace in Bosnia and Herzegovina (the Dayton Agreement);1995;1995-12-14;Full Peace Agreement;0;;0;1;0;0;1;1;0;0;0;1;0;0;1;1;1;0;0;0;0;0;1;0;0;1;1;1;0;1;1;1;0;1;1;0;1;0;-99;1;1;1;1;1;3;43;2;1;159
3461994030101;Europe;346;203;Bosnia and Herzegovina: Croat;Government of Bosnia-Herzegovina - Croatian Republic of Bosnia and Herzegovina;293;346, 1193;1;The Washington Agreement;1994;1994-03-01;Partial Peace Agreement;0;;0;0;1;0;1;1;0;0;0;0;0;0;1;1;0;1;0;0;0;0;0;0;0;1;0;0;0;1;1;0;0;0;0;0;1;0;-99;1;1;1;1;2;3;42;1;1;158
7711997120201;Asia;771;126;Bangladesh: Chittagong Hill Tracts;Government of Bangladesh - JSS/SB;223;771, 1127;1;Chittagong Hill Tracts Peace Accord;1997;1997-12-02;Full Peace Agreement;0;;0;0;0;1;0;1;0;0;0;0;0;0;0;0;1;0;0;0;1;0;0;0;1;1;1;1;0;1;1;0;0;0;1;0;0;1;5;1;1;1;1;1;0;41;2;1;157
5401989062201;Africa;540;131;Angola: government;Government of Angola - UNITA;7;540, 1421;2;The Gbadolite declaration on Angola;1989;1989-06-22;Peace Process Agreement;1;1989-08-24;63;1;0;0;0;1;0;0;0;0;0;0;0;0;0;0;0;0;0;0;0;0;0;0;0;0;1;0;1;0;0;0;1;1;0;0;-99;-99;1;1;1;3;4;3;1;1;4
5401991053101;Africa;540;131;Angola: government;Government of Angola - UNITA;7;540, 1421;2;The Bicesse Agreement;1991;1991-05-31;Peace Process Agreement;1;1/10/1992;489;1;1;1;0;1;1;0;0;1;0;0;0;1;0;0;0;0;0;0;0;0;0;0;0;1;0;0;1;0;0;1;0;1;0;0;-99;-99;1;1;1;2;2;3;1;1;5
5401994112001;Africa;540;131;Angola: government;Government of Angola - UNITA;7;540, 1421;2;The Lusaka Protocol;1994;1994-11-20;Full Peace Agreement;1;1/12/1998;1472;1;1;1;1;1;0;1;0;1;0;0;1;1;0;0;0;0;0;0;0;0;1;1;1;1;1;0;1;1;0;1;1;1;0;0;-99;-99;1;1;1;1;0;3;2;1;6
5402002040401;Africa;540;131;Angola: government;Government of Angola - UNITA;7;540, 1421;2;Memorandum of Understanding or Memorandum of Intent;2002;2002-04-04;Full Peace Agreement;0;;0;1;1;1;1;1;0;0;0;0;0;0;0;0;0;0;0;0;0;0;0;0;1;1;1;0;0;0;1;1;0;0;1;0;1;0;-99;1;1;1;1;1;0;3;3;1;7
5402005080101;Africa;540;192;Angola: Cabinda;Government of Angola - FLEC–R;191;540, 1392;1;Memorandum of Understanding on Peace and National Reconciliation in Cabinda province;2006;2006-08-01;Partial Peace Agreement;0;;0;1;0;1;0;1;0;0;0;0;0;0;0;0;0;0;0;0;1;0;0;0;1;1;1;0;0;0;1;0;0;0;0;1;0;1;2;0;1;2;1;2;2;90;2;1;156
7001993030701;Asia;700;137;Afghanistan: government;Government of Afghanistan - Hizb-i Wahdat, Government of Afghanistan - Hizb-i Islami-yi Afghanistan;412, 413;700, 1134, 1142;2;Islamabad accord;1993;1993-03-07;Partial Peace Agreement;1;1993;0;1;1;0;0;1;0;0;0;1;1;0;0;1;0;0;0;0;0;0;0;0;0;0;0;1;0;1;1;0;0;0;0;1;0;0;-99;-99;1;2;2;2;3;1;2;1;1
7001993052001;Asia;700;137;Afghanistan: government;Government of Afghanistan - Hizb-i Islami-yi Afghanistan;412;700, 1134;2;Jalalabad agreement;1993;1993-05-20;Partial Peace Agreement;0;;0;1;1;0;0;1;0;0;0;1;1;0;1;1;0;0;0;0;0;0;0;0;0;0;0;0;0;0;0;0;0;0;0;1;0;0;-99;-99;0;2;1;2;3;1;3;1;2
7001996052401;Asia;700;137;Afghanistan: government;Government of Afghanistan - Hizb-i Islami-yi Afghanistan;412;700, 1134;2;Mahipar agreement;1996;1996-05-24;Partial Peace Agreement;1;1996-09-28;127;1;1;0;0;1;0;0;0;1;1;1;0;1;0;0;0;0;0;0;0;0;0;0;0;0;0;0;0;0;0;0;0;0;0;0;-99;-99;0;2;1;2;4;2;1;1;3
;;;;;;;;;;;;;;;;;;;;;;;;;;;;;;;;;;;;;;;;;;;;;;;;;;;;;;;;;;;;;
;;;;;;;;;;;;;;;;;;;;;;;;;;;;;;;;;;;;;;;;;;;;;;;;;;;;;;;;;;;;;
;;;;;;;;;;;;;;;;;;;;;;;;;;;;;;;;;;;;;;;;;;;;;;;;;;;;;;;;;;;;;
;;;;;;;;;;;;;;;;;;;;;;;;;;;;;;;;;;;;;;;;;;;;;;;;;;;;;;;;;;;;;
;;;;;;;;;;;;;;;;;;;;;;;;;;;;;;;;;;;;;;;;;;;;;;;;;;;;;;;;;;;;;
;;;;;;;;;;;;;;;;;;;;;;;;;;;;;;;;;;;;;;;;;;;;;;;;;;;;;;;;;;;;;
;;;;;;;;;;;;;;;;;;;;;;;;;;;;;;;;;;;;;;;;;;;;;;;;;;;;;;;;;;;;;
;;;;;;;;;;;;;;;;;;;;;;;;;;;;;;;;;;;;;;;;;;;;;;;;;;;;;;;;;;;;;
;;;;;;;;;;;;;;;;;;;;;;;;;;;;;;;;;;;;;;;;;;;;;;;;;;;;;;;;;;;;;
;;;;;;;;;;;;;;;;;;;;;;;;;;;;;;;;;;;;;;;;;;;;;;;;;;;;;;;;;;;;;
;;;;;;;;;;;;;;;;;;;;;;;;;;;;;;;;;;;;;;;;;;;;;;;;;;;;;;;;;;;;;
;;;;;;;;;;;;;;;;;;;;;;;;;;;;;;;;;;;;;;;;;;;;;;;;;;;;;;;;;;;;;
;;;;;;;;;;;;;;;;;;;;;;;;;;;;;;;;;;;;;;;;;;;;;;;;;;;;;;;;;;;;;
;;;;;;;;;;;;;;;;;;;;;;;;;;;;;;;;;;;;;;;;;;;;;;;;;;;;;;;;;;;;;
;;;;;;;;;;;;;;;;;;;;;;;;;;;;;;;;;;;;;;;;;;;;;;;;;;;;;;;;;;;;;
;;;;;;;;;;;;;;;;;;;;;;;;;;;;;;;;;;;;;;;;;;;;;;;;;;;;;;;;;;;;;
;;;;;;;;;;;;;;;;;;;;;;;;;;;;;;;;;;;;;;;;;;;;;;;;;;;;;;;;;;;;;
;;;;;;;;;;;;;;;;;;;;;;;;;;;;;;;;;;;;;;;;;;;;;;;;;;;;;;;;;;;;;
;;;;;;;;;;;;;;;;;;;;;;;;;;;;;;;;;;;;;;;;;;;;;;;;;;;;;;;;;;;;;
;;;;;;;;;;;;;;;;;;;;;;;;;;;;;;;;;;;;;;;;;;;;;;;;;;;;;;;;;;;;;
